{
    "location": "Adelaide",
    "metrics": {
        "MinTemp": {
            "rmse": 2.932040942680809,
            "mae": 2.2918151684513166,
            "r2": 0.6394029110779572
        },
        "MaxTemp": {
            "rmse": 4.114670927977916,
            "mae": 3.1488468260668347,
            "r2": 0.6378193819545179
        },
        "Rainfall": {
            "rmse": 3.4330903561346573,
            "mae": 1.7781093543683724,
            "r2": 0.18360973278079806
        },
        "WindGustSpeed": {
            "rmse": 10.371694298852857,
            "mae": 8.245002915741269,
            "r2": 0.07792814692623413
        },
        "WindSpeed9am": {
            "rmse": 5.67186888431533,
            "mae": 4.560707582110174,
            "r2": 0.046049689459132605
        },
        "WindSpeed3pm": {
            "rmse": 5.461551213467444,
            "mae": 4.337166891580684,
            "r2": -0.07075755563650321
        },
        "Humidity9am": {
            "rmse": 15.61438153288266,
            "mae": 12.543308699335986,
            "r2": 0.33510649889116856
        },
        "Humidity3pm": {
            "rmse": 15.461733421533244,
            "mae": 11.823944759045135,
            "r2": 0.30305223470709414
        },
        "Pressure9am": {
            "rmse": 5.41840183968107,
            "mae": 4.179705689064696,
            "r2": 0.4404814864264526
        },
        "Pressure3pm": {
            "rmse": 5.608007013609918,
            "mae": 4.402807001658587,
            "r2": 0.356118347046338
        },
        "Temp9am": {
            "rmse": 3.2736527684531738,
            "mae": 2.4337419700361664,
            "r2": 0.6339009660797313
        },
        "Temp3pm": {
            "rmse": 4.163392883058253,
            "mae": 3.164919966663451,
            "r2": 0.6115469078213727
        }
    },
    "best_parameters": {
        "n_estimators": 100,
        "min_samples_split": 5,
        "min_samples_leaf": 1,
        "max_depth": 20
    },
    "n_samples": 2164,
    "feature_importance": {
        "MinTemp": 0.05795391044882856,
        "MaxTemp": 0.14441699378967326,
        "Rainfall": 0.024269641487105413,
        "WindGustSpeed": 0.054631427816508905,
        "WindSpeed9am": 0.041670898152766554,
        "WindSpeed3pm": 0.04144632347794635,
        "Humidity9am": 0.08667118350072174,
        "Humidity3pm": 0.10532074637617729,
        "Pressure9am": 0.0586726334930898,
        "Pressure3pm": 0.14125229786629162,
        "Temp9am": 0.05712535005866753,
        "Temp3pm": 0.186568593532223
    },
    "training_date": "2025-04-23 18:57:32",
    "model_path": "./models/multivariate_Adelaide.joblib"
}