{
    "location": "Albany",
    "metrics": {
        "MinTemp": {
            "rmse": 2.186540719991269,
            "mae": 1.780178928590492,
            "r2": 0.6135483858969975
        },
        "MaxTemp": {
            "rmse": 2.8396356945736265,
            "mae": 2.082357785661888,
            "r2": 0.37949205557869153
        },
        "Rainfall": {
            "rmse": 4.448574547422363,
            "mae": 2.5906788174232367,
            "r2": 0.13340699354808916
        },
        "Evaporation": {
            "rmse": 2.463452975379195,
            "mae": 1.7013725017363923,
            "r2": 0.32723514002485893
        },
        "Sunshine": {
            "rmse": 3.6982919558899816,
            "mae": 3.2305262607661214,
            "r2": -0.12843190111917024
        },
        "WindSpeed9am": {
            "rmse": 9.950608526169425,
            "mae": 7.633961453055595,
            "r2": 0.0466576252195818
        },
        "WindSpeed3pm": {
            "rmse": 12.04846151836037,
            "mae": 10.679490200182812,
            "r2": -1.020837213846148
        },
        "Humidity9am": {
            "rmse": 11.99220190861486,
            "mae": 9.820004784181359,
            "r2": 0.024509418690726203
        },
        "Humidity3pm": {
            "rmse": 10.085054497645924,
            "mae": 7.893463609743066,
            "r2": -0.11687425921886663
        },
        "Pressure9am": {
            "rmse": 5.674848124229307,
            "mae": 4.391486634724287,
            "r2": 0.3708897245490123
        },
        "Pressure3pm": {
            "rmse": 6.081488134777757,
            "mae": 4.787404342729094,
            "r2": 0.2497434095162113
        },
        "Cloud9am": {
            "rmse": 2.534972331328466,
            "mae": 2.1604499111609283,
            "r2": 0.039665405351551976
        },
        "Cloud3pm": {
            "rmse": 2.64070097195402,
            "mae": 2.3848375077567545,
            "r2": -1.637217372638639
        },
        "Temp9am": {
            "rmse": 2.3827017247392726,
            "mae": 1.8017733673982086,
            "r2": 0.6036564370276459
        },
        "Temp3pm": {
            "rmse": 3.040596143327864,
            "mae": 2.5157402527164243,
            "r2": -3.2239173522642233
        }
    },
    "best_parameters": {
        "n_estimators": 100,
        "min_samples_split": 5,
        "min_samples_leaf": 2,
        "max_depth": 10
    },
    "n_samples": 2014,
    "feature_importance": {
        "MinTemp": 0.04455647269531625,
        "MaxTemp": 0.04643668887883831,
        "Rainfall": 0.029715331279758964,
        "Evaporation": 0.06340134623016815,
        "Sunshine": 0.054992215552123275,
        "WindSpeed9am": 0.035218716392048925,
        "WindSpeed3pm": 0.18978353311922813,
        "Humidity9am": 0.06224762849904797,
        "Humidity3pm": 0.05885548132940066,
        "Pressure9am": 0.049519233922151226,
        "Pressure3pm": 0.14541142534583226,
        "Cloud9am": 0.021792446722531954,
        "Cloud3pm": 0.018986837897500594,
        "Temp9am": 0.13723359430972804,
        "Temp3pm": 0.041849047826325245
    },
    "training_date": "2025-04-23 19:00:20",
    "model_path": "./models/multivariate_Albany.joblib"
}