{
    "location": "Albury",
    "metrics": {
        "MinTemp": {
            "rmse": 3.1383418604116855,
            "mae": 2.5466686772170326,
            "r2": 0.7253471661009452
        },
        "MaxTemp": {
            "rmse": 3.4205649224371935,
            "mae": 2.627164813535984,
            "r2": 0.8011573486791299
        },
        "Rainfall": {
            "rmse": 6.158808914064473,
            "mae": 2.960364264933062,
            "r2": 0.1219187489037699
        },
        "WindGustSpeed": {
            "rmse": 11.771792019758458,
            "mae": 9.211843400273146,
            "r2": 0.16646477817835906
        },
        "WindSpeed9am": {
            "rmse": 6.2491996815545034,
            "mae": 4.808437027449716,
            "r2": 0.1372794910730062
        },
        "WindSpeed3pm": {
            "rmse": 6.786396956496446,
            "mae": 5.406653859698502,
            "r2": 0.08554370408899292
        },
        "Humidity9am": {
            "rmse": 10.456680740161014,
            "mae": 8.231741070167997,
            "r2": 0.6205865388068975
        },
        "Humidity3pm": {
            "rmse": 14.656565336923391,
            "mae": 10.75686186707768,
            "r2": 0.4254113986200279
        },
        "Pressure9am": {
            "rmse": 5.276012273100424,
            "mae": 4.088566118939184,
            "r2": 0.4833652742738876
        },
        "Pressure3pm": {
            "rmse": 5.353652959192405,
            "mae": 4.16212918699495,
            "r2": 0.42477079915612387
        },
        "Temp9am": {
            "rmse": 2.778173404991272,
            "mae": 2.1971272835916866,
            "r2": 0.8036806546268561
        },
        "Temp3pm": {
            "rmse": 3.5676235596731565,
            "mae": 2.720103591437368,
            "r2": 0.7666018612937803
        }
    },
    "best_parameters": {
        "n_estimators": 100,
        "min_samples_split": 5,
        "min_samples_leaf": 2,
        "max_depth": 20
    },
    "n_samples": 2128,
    "feature_importance": {
        "MinTemp": 0.0405454661794839,
        "MaxTemp": 0.39268644215301135,
        "Rainfall": 0.013247548827548934,
        "WindGustSpeed": 0.038207103798558135,
        "WindSpeed9am": 0.02613920804602313,
        "WindSpeed3pm": 0.03182778186709869,
        "Humidity9am": 0.0795926514191377,
        "Humidity3pm": 0.1440837068143904,
        "Pressure9am": 0.039720964965807334,
        "Pressure3pm": 0.10377816876993069,
        "Temp9am": 0.050041986607792896,
        "Temp3pm": 0.04012897055121682
    },
    "training_date": "2025-04-23 18:25:09",
    "model_path": "./models/multivariate_Albury.joblib"
}