{
    "location": "AliceSprings",
    "metrics": {
        "MinTemp": {
            "rmse": 3.53421764635373,
            "mae": 2.8757387718859952,
            "r2": 0.7932303311654284
        },
        "MaxTemp": {
            "rmse": 3.81450827925327,
            "mae": 3.052697781948744,
            "r2": 0.7384797312616005
        },
        "Rainfall": {
            "rmse": 3.3925247443925666,
            "mae": 1.2184809233014557,
            "r2": 0.21230343316264613
        },
        "Evaporation": {
            "rmse": 4.051260587216107,
            "mae": 2.3335365499133647,
            "r2": 0.5255461468123857
        },
        "Sunshine": {
            "rmse": 2.7385969816484845,
            "mae": 2.0125810349456645,
            "r2": -0.02141212026121153
        },
        "WindGustSpeed": {
            "rmse": 8.643616416329381,
            "mae": 6.912004280894867,
            "r2": 0.17219097551528537
        },
        "WindSpeed9am": {
            "rmse": 7.429213981340382,
            "mae": 6.052769622691564,
            "r2": 0.2485266388423536
        },
        "WindSpeed3pm": {
            "rmse": 6.5252891306446665,
            "mae": 5.23538519647181,
            "r2": -0.034004580290916575
        },
        "Humidity9am": {
            "rmse": 14.115603133277423,
            "mae": 10.617063523305807,
            "r2": 0.5776321428476473
        },
        "Humidity3pm": {
            "rmse": 13.107392404806149,
            "mae": 8.983041081634097,
            "r2": 0.37513890440472003
        },
        "Pressure9am": {
            "rmse": 3.406503034333744,
            "mae": 2.692536092390443,
            "r2": 0.7200816127633328
        },
        "Pressure3pm": {
            "rmse": 3.471710271700163,
            "mae": 2.736659176785198,
            "r2": 0.7086201625427678
        },
        "Cloud9am": {
            "rmse": 2.750533799461282,
            "mae": 2.3326218735573883,
            "r2": 0.03645725734947847
        },
        "Cloud3pm": {
            "rmse": 2.55896102872123,
            "mae": 2.1788207381754408,
            "r2": 0.13850526704819707
        },
        "Temp9am": {
            "rmse": 3.352217873763957,
            "mae": 2.685263539206057,
            "r2": 0.8144468907095389
        },
        "Temp3pm": {
            "rmse": 3.856959487295896,
            "mae": 3.0726323374136366,
            "r2": 0.7124492875568392
        }
    },
    "best_parameters": {
        "n_estimators": 100,
        "min_samples_split": 2,
        "min_samples_leaf": 1,
        "max_depth": 20
    },
    "n_samples": 2105,
    "feature_importance": {
        "MinTemp": 0.09419509334100593,
        "MaxTemp": 0.057782371918674386,
        "Rainfall": 0.006873453687185111,
        "Evaporation": 0.043986942186529036,
        "Sunshine": 0.046147214557793165,
        "WindGustSpeed": 0.034042705194034927,
        "WindSpeed9am": 0.030135098072134,
        "WindSpeed3pm": 0.034226587842288124,
        "Humidity9am": 0.24454319476559258,
        "Humidity3pm": 0.15307021750403546,
        "Pressure9am": 0.034425376078477524,
        "Pressure3pm": 0.05607911842281006,
        "Cloud9am": 0.017385773991028933,
        "Cloud3pm": 0.020894959732271335,
        "Temp9am": 0.08817730323839953,
        "Temp3pm": 0.03803458946773994
    },
    "training_date": "2025-04-23 19:05:46",
    "model_path": "./models/multivariate_AliceSprings.joblib"
}