{
    "location": "BadgerysCreek",
    "metrics": {
        "MinTemp": {
            "rmse": 2.7745877291132817,
            "mae": 2.2381545831724785,
            "r2": 0.7469419718673559
        },
        "MaxTemp": {
            "rmse": 3.849232014494158,
            "mae": 2.9029290329140047,
            "r2": 0.5541495019342292
        },
        "Rainfall": {
            "rmse": 7.126269207594425,
            "mae": 3.1289853777960226,
            "r2": 0.07046441647275681
        },
        "WindGustSpeed": {
            "rmse": 11.69492500694475,
            "mae": 9.209218229597006,
            "r2": 0.08300901159360181
        },
        "WindSpeed9am": {
            "rmse": 6.183053280309074,
            "mae": 4.95847876676153,
            "r2": 0.032704311380343944
        },
        "WindSpeed3pm": {
            "rmse": 7.1932128349598905,
            "mae": 5.881171167523143,
            "r2": 0.020186985970386113
        },
        "Humidity9am": {
            "rmse": 13.972240625050654,
            "mae": 11.257506116710674,
            "r2": 0.2630252486607935
        },
        "Humidity3pm": {
            "rmse": 16.543908742729617,
            "mae": 12.817361538785734,
            "r2": 0.1811947899057381
        },
        "Pressure9am": {
            "rmse": 5.135112419052922,
            "mae": 3.956932875254583,
            "r2": 0.4290427811222693
        },
        "Pressure3pm": {
            "rmse": 5.463816513601107,
            "mae": 4.296205475147824,
            "r2": 0.34796519116182
        },
        "Temp9am": {
            "rmse": 2.5146590418779025,
            "mae": 1.907578585606453,
            "r2": 0.7232822587161419
        },
        "Temp3pm": {
            "rmse": 3.957725472108084,
            "mae": 3.03373385099091,
            "r2": 0.5101812232690501
        }
    },
    "best_parameters": {
        "n_estimators": 100,
        "min_samples_split": 5,
        "min_samples_leaf": 1,
        "max_depth": 10
    },
    "n_samples": 2027,
    "feature_importance": {
        "MinTemp": 0.10687961618008758,
        "MaxTemp": 0.09758113232051073,
        "Rainfall": 0.028428368052918585,
        "WindGustSpeed": 0.05894414048097585,
        "WindSpeed9am": 0.039433043849065125,
        "WindSpeed3pm": 0.04481165943686043,
        "Humidity9am": 0.10035256856098376,
        "Humidity3pm": 0.15590646020546348,
        "Pressure9am": 0.06000196412605533,
        "Pressure3pm": 0.16455224720551795,
        "Temp9am": 0.08412856285597557,
        "Temp3pm": 0.05898023672558557
    },
    "training_date": "2025-04-23 18:25:36",
    "model_path": "./models/multivariate_BadgerysCreek.joblib"
}