{
    "location": "Ballarat",
    "metrics": {
        "MinTemp": {
            "rmse": 3.211655942737392,
            "mae": 2.5423480482032903,
            "r2": 0.519086920971612
        },
        "MaxTemp": {
            "rmse": 4.08355144306718,
            "mae": 3.1093462995294114,
            "r2": 0.6658193358116529
        },
        "Rainfall": {
            "rmse": 3.6656169168273287,
            "mae": 1.8660757724622943,
            "r2": 0.06162720144103384
        },
        "WindGustSpeed": {
            "rmse": 12.204273844866663,
            "mae": 9.389258532703506,
            "r2": 0.0877397125485306
        },
        "WindSpeed9am": {
            "rmse": 9.203474243026061,
            "mae": 7.373013493119309,
            "r2": 0.04833782424231089
        },
        "WindSpeed3pm": {
            "rmse": 9.133270019174416,
            "mae": 7.0576650725681445,
            "r2": 0.014528229131290557
        },
        "Humidity9am": {
            "rmse": 14.762597420725108,
            "mae": 11.691355163027524,
            "r2": 0.3471043201631449
        },
        "Humidity3pm": {
            "rmse": 17.31397051477877,
            "mae": 13.60858333761607,
            "r2": 0.42248152232337305
        },
        "Pressure9am": {
            "rmse": 5.8565374840450195,
            "mae": 4.55216340007313,
            "r2": 0.3933465482382503
        },
        "Pressure3pm": {
            "rmse": 6.1207293099130915,
            "mae": 4.809964003520296,
            "r2": 0.3141654004114119
        },
        "Cloud9am": {
            "rmse": 2.4383776993797617,
            "mae": 2.1578106528678056,
            "r2": -0.34732307462929324
        },
        "Temp9am": {
            "rmse": 3.15886797009386,
            "mae": 2.390566212003003,
            "r2": 0.6268568319927711
        },
        "Temp3pm": {
            "rmse": 4.20506181773246,
            "mae": 3.1796132958316545,
            "r2": 0.6292335467637549
        }
    },
    "best_parameters": {
        "n_estimators": 100,
        "min_samples_split": 5,
        "min_samples_leaf": 1,
        "max_depth": 20
    },
    "n_samples": 2108,
    "feature_importance": {
        "MinTemp": 0.05303869585967727,
        "MaxTemp": 0.1424594020183929,
        "Rainfall": 0.023329271422387145,
        "WindGustSpeed": 0.049670384245880335,
        "WindSpeed9am": 0.04154606380550077,
        "WindSpeed3pm": 0.047751562724548495,
        "Humidity9am": 0.05895720294207738,
        "Humidity3pm": 0.13467884164600982,
        "Pressure9am": 0.053187224125155,
        "Pressure3pm": 0.10080942383541247,
        "Cloud9am": 0.02719968826535138,
        "Temp9am": 0.05301301897672778,
        "Temp3pm": 0.21435922013287925
    },
    "training_date": "2025-04-23 18:48:50",
    "model_path": "./models/multivariate_Ballarat.joblib"
}