{
    "location": "Bendigo",
    "metrics": {
        "MinTemp": {
            "rmse": 3.3843631563910406,
            "mae": 2.755174174565539,
            "r2": 0.6448489182557524
        },
        "MaxTemp": {
            "rmse": 3.6670968852469166,
            "mae": 2.782842655953391,
            "r2": 0.7585445279728461
        },
        "Rainfall": {
            "rmse": 4.49749393247087,
            "mae": 2.239212590784251,
            "r2": 0.04184124513168219
        },
        "WindGustSpeed": {
            "rmse": 10.656727908600109,
            "mae": 8.274019460783775,
            "r2": 0.1860467533011615
        },
        "WindSpeed9am": {
            "rmse": 6.847540516131557,
            "mae": 5.432982477216733,
            "r2": 0.13054771444300992
        },
        "WindSpeed3pm": {
            "rmse": 7.30942543961244,
            "mae": 5.737562920875422,
            "r2": 0.0639679598460039
        },
        "Humidity9am": {
            "rmse": 11.57225973515262,
            "mae": 9.054626052877007,
            "r2": 0.5351266141613671
        },
        "Humidity3pm": {
            "rmse": 14.67489056205253,
            "mae": 10.710422165585333,
            "r2": 0.45036045379637324
        },
        "Pressure9am": {
            "rmse": 5.724222430093782,
            "mae": 4.473596304947885,
            "r2": 0.41685729109230946
        },
        "Pressure3pm": {
            "rmse": 5.8802629898978855,
            "mae": 4.623373791096161,
            "r2": 0.3520336499077132
        },
        "Cloud3pm": {
            "rmse": 2.468908866773678,
            "mae": 2.1586248577784466,
            "r2": 0.06389687151670738
        },
        "Temp9am": {
            "rmse": 2.7871057972031608,
            "mae": 2.1423356281141106,
            "r2": 0.7459520642112437
        },
        "Temp3pm": {
            "rmse": 3.7159064392442125,
            "mae": 2.8089698899206534,
            "r2": 0.730984827126142
        }
    },
    "best_parameters": {
        "n_estimators": 100,
        "min_samples_split": 2,
        "min_samples_leaf": 2,
        "max_depth": 20
    },
    "n_samples": 2096,
    "feature_importance": {
        "MinTemp": 0.046925429372712546,
        "MaxTemp": 0.3511693908282794,
        "Rainfall": 0.015201679735977174,
        "WindGustSpeed": 0.04004949720882557,
        "WindSpeed9am": 0.030666623136171235,
        "WindSpeed3pm": 0.0372079678850697,
        "Humidity9am": 0.09770668944586071,
        "Humidity3pm": 0.13516968833908152,
        "Pressure9am": 0.04082681550064244,
        "Pressure3pm": 0.08966636488069088,
        "Cloud3pm": 0.0301534276664993,
        "Temp9am": 0.043994961282542135,
        "Temp3pm": 0.04126146471764727
    },
    "training_date": "2025-04-23 18:49:23",
    "model_path": "./models/multivariate_Bendigo.joblib"
}