{
    "location": "Brisbane",
    "metrics": {
        "MinTemp": {
            "rmse": 1.9147324395993712,
            "mae": 1.4823774548833402,
            "r2": 0.816361573921756
        },
        "MaxTemp": {
            "rmse": 2.243284216547311,
            "mae": 1.670696864779783,
            "r2": 0.6501614034971944
        },
        "Rainfall": {
            "rmse": 10.345188222129805,
            "mae": 4.357455562594953,
            "r2": 0.10722426115105381
        },
        "Evaporation": {
            "rmse": 1.9570106959840243,
            "mae": 1.33504914915212,
            "r2": 0.4454518689956715
        },
        "Sunshine": {
            "rmse": 3.3614917147006573,
            "mae": 2.735700868250967,
            "r2": 0.10558322367974533
        },
        "WindGustSpeed": {
            "rmse": 7.925208762780362,
            "mae": 6.231023580191987,
            "r2": 0.04153281256479432
        },
        "WindSpeed9am": {
            "rmse": 3.616979833952067,
            "mae": 2.8011757856736037,
            "r2": -0.0654107513642141
        },
        "WindSpeed3pm": {
            "rmse": 4.234647728564391,
            "mae": 3.3826094922859458,
            "r2": -0.047641805530355054
        },
        "Humidity9am": {
            "rmse": 10.948553949537924,
            "mae": 8.41439664846554,
            "r2": 0.28220603492555524
        },
        "Humidity3pm": {
            "rmse": 13.096509762947827,
            "mae": 9.85246176564173,
            "r2": 0.20501360217097828
        },
        "Pressure9am": {
            "rmse": 3.851346137498942,
            "mae": 3.0272238218701286,
            "r2": 0.5009205068238488
        },
        "Pressure3pm": {
            "rmse": 4.167262907302519,
            "mae": 3.2968382656277964,
            "r2": 0.414775393257663
        },
        "Cloud9am": {
            "rmse": 2.451595617463649,
            "mae": 2.16807340336029,
            "r2": 0.1527141825503355
        },
        "Cloud3pm": {
            "rmse": 2.4626428918875907,
            "mae": 2.1830701020426795,
            "r2": 0.08884597936559124
        },
        "Temp9am": {
            "rmse": 1.9867300136458486,
            "mae": 1.5536504331034247,
            "r2": 0.8097818525748677
        },
        "Temp3pm": {
            "rmse": 2.2941336331565867,
            "mae": 1.7534699751313478,
            "r2": 0.5975136702569527
        }
    },
    "best_parameters": {
        "n_estimators": 100,
        "min_samples_split": 5,
        "min_samples_leaf": 2,
        "max_depth": 20
    },
    "n_samples": 2188,
    "feature_importance": {
        "MinTemp": 0.09543398596221181,
        "MaxTemp": 0.04721617033567127,
        "Rainfall": 0.03485831097039919,
        "Evaporation": 0.046250235284151446,
        "Sunshine": 0.06221008787518262,
        "WindGustSpeed": 0.04382393513764896,
        "WindSpeed9am": 0.024406854569019736,
        "WindSpeed3pm": 0.03348975225725353,
        "Humidity9am": 0.0710737736645261,
        "Humidity3pm": 0.15676899412166131,
        "Pressure9am": 0.053046724719794984,
        "Pressure3pm": 0.10224813202606275,
        "Cloud9am": 0.018870600075774926,
        "Cloud3pm": 0.019742414965047507,
        "Temp9am": 0.14319279550227987,
        "Temp3pm": 0.04736723253331402
    },
    "training_date": "2025-04-23 18:54:47",
    "model_path": "./models/multivariate_Brisbane.joblib"
}