{
    "location": "Cairns",
    "metrics": {
        "MinTemp": {
            "rmse": 1.8751939110606333,
            "mae": 1.3703774687110173,
            "r2": 0.6689581339773003
        },
        "MaxTemp": {
            "rmse": 1.6630341088527494,
            "mae": 1.2615951130324474,
            "r2": 0.5825204274398831
        },
        "Rainfall": {
            "rmse": 15.590852414094918,
            "mae": 7.031331347333373,
            "r2": 0.20601046525194466
        },
        "Evaporation": {
            "rmse": 3.420214840459981,
            "mae": 2.327452405074058,
            "r2": 0.11286121240805251
        },
        "Sunshine": {
            "rmse": 2.9107091189801744,
            "mae": 2.423260141113929,
            "r2": 0.07195064498036996
        },
        "WindGustSpeed": {
            "rmse": 7.763648187557966,
            "mae": 6.017458150639655,
            "r2": 0.20260544792158228
        },
        "WindSpeed9am": {
            "rmse": 5.605038369199041,
            "mae": 4.208194024777243,
            "r2": 0.23208951801799352
        },
        "WindSpeed3pm": {
            "rmse": 6.242176281375204,
            "mae": 5.018501934468689,
            "r2": 0.18921975143076744
        },
        "Humidity9am": {
            "rmse": 9.937838056087818,
            "mae": 7.603518564391564,
            "r2": 0.2870121669090784
        },
        "Humidity3pm": {
            "rmse": 11.383884756375068,
            "mae": 8.725929726335432,
            "r2": 0.2887813342916787
        },
        "Pressure9am": {
            "rmse": 2.0518243304557466,
            "mae": 1.57304278577827,
            "r2": 0.7581321012278792
        },
        "Pressure3pm": {
            "rmse": 2.1542660129561937,
            "mae": 1.653515043647386,
            "r2": 0.7286673618045642
        },
        "Cloud9am": {
            "rmse": 2.372853376740274,
            "mae": 2.06109326012001,
            "r2": 0.12367465507000437
        },
        "Cloud3pm": {
            "rmse": 2.3640250672660046,
            "mae": 2.050560176232281,
            "r2": 0.12801631173169825
        },
        "Temp9am": {
            "rmse": 1.7767391662865613,
            "mae": 1.435348854932375,
            "r2": 0.6382022662224579
        },
        "Temp3pm": {
            "rmse": 1.8526138921479085,
            "mae": 1.4553826289745986,
            "r2": 0.5019287635934258
        }
    },
    "best_parameters": {
        "n_estimators": 100,
        "min_samples_split": 5,
        "min_samples_leaf": 2,
        "max_depth": 20
    },
    "n_samples": 2087,
    "feature_importance": {
        "MinTemp": 0.06450400961372942,
        "MaxTemp": 0.041514074257538294,
        "Rainfall": 0.05884999724512989,
        "Evaporation": 0.04500224998454566,
        "Sunshine": 0.070085704009385,
        "WindGustSpeed": 0.08401992614650142,
        "WindSpeed9am": 0.03559223024353708,
        "WindSpeed3pm": 0.04376399676965272,
        "Humidity9am": 0.058584143301776546,
        "Humidity3pm": 0.22681514691040638,
        "Pressure9am": 0.04502544693220893,
        "Pressure3pm": 0.09629857088103311,
        "Cloud9am": 0.02221082391216104,
        "Cloud3pm": 0.019486284012382837,
        "Temp9am": 0.044090013157810054,
        "Temp3pm": 0.044157382622201584
    },
    "training_date": "2025-04-23 18:55:31",
    "model_path": "./models/multivariate_Cairns.joblib"
}