{
    "location": "Canberra",
    "metrics": {
        "MinTemp": {
            "rmse": 3.7976313594065645,
            "mae": 3.1219191734581044,
            "r2": 0.6263596481137798
        },
        "MaxTemp": {
            "rmse": 3.560310633436051,
            "mae": 2.7337917822712785,
            "r2": 0.7155891174288332
        },
        "Rainfall": {
            "rmse": 5.835905743366993,
            "mae": 2.6574758718334635,
            "r2": 0.05868997030755848
        },
        "WindGustSpeed": {
            "rmse": 11.885105645139936,
            "mae": 9.329162782271824,
            "r2": 0.1965438631173825
        },
        "WindSpeed9am": {
            "rmse": 8.203949539821545,
            "mae": 6.356510400684898,
            "r2": 0.12220015298877122
        },
        "WindSpeed3pm": {
            "rmse": 8.453129935900995,
            "mae": 6.882583389975569,
            "r2": 0.09605115139656857
        },
        "Humidity9am": {
            "rmse": 12.469328491376729,
            "mae": 9.995074908501918,
            "r2": 0.29208080936012293
        },
        "Humidity3pm": {
            "rmse": 15.707626590526289,
            "mae": 11.950983906526488,
            "r2": 0.19533992859745455
        },
        "Pressure9am": {
            "rmse": 5.501141723857397,
            "mae": 4.234363682099066,
            "r2": 0.45598046936544073
        },
        "Pressure3pm": {
            "rmse": 5.480513356456953,
            "mae": 4.257068100216963,
            "r2": 0.40038054560246145
        },
        "Temp9am": {
            "rmse": 3.1599134934813926,
            "mae": 2.512288719681261,
            "r2": 0.7103288860516178
        },
        "Temp3pm": {
            "rmse": 3.7254867920671586,
            "mae": 2.8591278559515163,
            "r2": 0.6797238901634687
        }
    },
    "best_parameters": {
        "n_estimators": 100,
        "min_samples_split": 5,
        "min_samples_leaf": 1,
        "max_depth": 20
    },
    "n_samples": 2379,
    "feature_importance": {
        "MinTemp": 0.06316573976491151,
        "MaxTemp": 0.24063460147948484,
        "Rainfall": 0.01883784118975599,
        "WindGustSpeed": 0.0672975170844305,
        "WindSpeed9am": 0.04437958667003696,
        "WindSpeed3pm": 0.05306441057127642,
        "Humidity9am": 0.08694732155331444,
        "Humidity3pm": 0.13203540622220294,
        "Pressure9am": 0.05409051722493237,
        "Pressure3pm": 0.12441986202610997,
        "Temp9am": 0.0616242941266372,
        "Temp3pm": 0.05350290208690682
    },
    "training_date": "2025-04-23 18:45:43",
    "model_path": "./models/multivariate_Canberra.joblib"
}