{
    "location": "Cobar",
    "metrics": {
        "MinTemp": {
            "rmse": 3.1461601310517864,
            "mae": 2.453099818949337,
            "r2": 0.7811022900215003
        },
        "MaxTemp": {
            "rmse": 3.7582759769470777,
            "mae": 2.9413481418727567,
            "r2": 0.7723115187298064
        },
        "Rainfall": {
            "rmse": 3.927000253383246,
            "mae": 1.7054242412942797,
            "r2": 0.0703844435768326
        },
        "Evaporation": {
            "rmse": 5.677410584638619,
            "mae": 2.5711546303603625,
            "r2": 0.3617724454386407
        },
        "WindGustSpeed": {
            "rmse": 9.263030577581938,
            "mae": 7.200806160032076,
            "r2": 0.18236230232508288
        },
        "WindSpeed9am": {
            "rmse": 5.682039639388107,
            "mae": 4.5323452799252415,
            "r2": 0.06806784548134082
        },
        "WindSpeed3pm": {
            "rmse": 5.864448820816267,
            "mae": 4.660381598838969,
            "r2": -0.0019697983226878804
        },
        "Humidity9am": {
            "rmse": 14.053091696028536,
            "mae": 11.05194308953301,
            "r2": 0.5724226779880295
        },
        "Humidity3pm": {
            "rmse": 15.358747984483344,
            "mae": 11.029073350955096,
            "r2": 0.34926149687632185
        },
        "Pressure9am": {
            "rmse": 4.567551475740252,
            "mae": 3.5930788397049738,
            "r2": 0.5047692825937197
        },
        "Pressure3pm": {
            "rmse": 4.556406054138454,
            "mae": 3.5939689170112286,
            "r2": 0.47854753877707984
        },
        "Cloud9am": {
            "rmse": 2.9507983427327917,
            "mae": 2.627737345715549,
            "r2": -0.03413111459424286
        },
        "Cloud3pm": {
            "rmse": 2.627678575919853,
            "mae": 2.349718362381095,
            "r2": 0.03883122069533096
        },
        "Temp9am": {
            "rmse": 3.345324474422236,
            "mae": 2.596588480631978,
            "r2": 0.7582509567289373
        },
        "Temp3pm": {
            "rmse": 3.8997696271277444,
            "mae": 3.037733214968861,
            "r2": 0.7342654374599458
        }
    },
    "best_parameters": {
        "n_estimators": 100,
        "min_samples_split": 5,
        "min_samples_leaf": 1,
        "max_depth": 20
    },
    "n_samples": 2076,
    "feature_importance": {
        "MinTemp": 0.036254184067827794,
        "MaxTemp": 0.12663536606598308,
        "Rainfall": 0.008357599304021093,
        "Evaporation": 0.053754362178850885,
        "WindGustSpeed": 0.03546848971070031,
        "WindSpeed9am": 0.027375130967649517,
        "WindSpeed3pm": 0.026523557234332175,
        "Humidity9am": 0.048610039690754725,
        "Humidity3pm": 0.4278877188893502,
        "Pressure9am": 0.03382562122345331,
        "Pressure3pm": 0.04958172620900524,
        "Cloud9am": 0.01619375120734594,
        "Cloud3pm": 0.01990925899113501,
        "Temp9am": 0.042267241337308234,
        "Temp3pm": 0.04735595292228265
    },
    "training_date": "2025-04-23 18:26:24",
    "model_path": "./models/multivariate_Cobar.joblib"
}