{
    "location": "CoffsHarbour",
    "metrics": {
        "MinTemp": {
            "rmse": 2.76699509818917,
            "mae": 2.1513563049361477,
            "r2": 0.7115290379388294
        },
        "MaxTemp": {
            "rmse": 2.6034771098325407,
            "mae": 1.9422494731466908,
            "r2": 0.5429182866020721
        },
        "Rainfall": {
            "rmse": 17.202614109065625,
            "mae": 7.892757180979814,
            "r2": -0.12481255513574152
        },
        "WindGustSpeed": {
            "rmse": 11.540197576680578,
            "mae": 9.283903055391084,
            "r2": 0.05306240119050876
        },
        "WindSpeed9am": {
            "rmse": 7.126566607959881,
            "mae": 5.687193281328052,
            "r2": 0.044691640189772196
        },
        "WindSpeed3pm": {
            "rmse": 8.18377524442428,
            "mae": 6.60389095011242,
            "r2": 0.08127856006946584
        },
        "Humidity9am": {
            "rmse": 12.520627066685575,
            "mae": 9.999373212993994,
            "r2": 0.251060855194463
        },
        "Humidity3pm": {
            "rmse": 12.920098247760597,
            "mae": 9.824667773357563,
            "r2": 0.20612769350873483
        },
        "Pressure9am": {
            "rmse": 4.56999843861605,
            "mae": 3.5957771251326016,
            "r2": 0.421837117100166
        },
        "Pressure3pm": {
            "rmse": 4.903561827855847,
            "mae": 3.8437155412092605,
            "r2": 0.3292877014616425
        },
        "Cloud9am": {
            "rmse": 2.743535152152898,
            "mae": 2.453512395101195,
            "r2": -0.1554925401749021
        },
        "Cloud3pm": {
            "rmse": 2.6365540249036634,
            "mae": 2.40047173701235,
            "r2": -0.10451772268647937
        },
        "Temp9am": {
            "rmse": 2.448576538835521,
            "mae": 1.9421616856653623,
            "r2": 0.6172129003526078
        },
        "Temp3pm": {
            "rmse": 2.440298088374133,
            "mae": 1.8539295430417724,
            "r2": 0.5387290733411833
        }
    },
    "best_parameters": {
        "n_estimators": 50,
        "min_samples_split": 5,
        "min_samples_leaf": 2,
        "max_depth": 10
    },
    "n_samples": 2052,
    "feature_importance": {
        "MinTemp": 0.14317197403341647,
        "MaxTemp": 0.04537141538807409,
        "Rainfall": 0.05198891044609226,
        "WindGustSpeed": 0.06608030531840212,
        "WindSpeed9am": 0.05925782841509794,
        "WindSpeed3pm": 0.04170195920524606,
        "Humidity9am": 0.10482469090255284,
        "Humidity3pm": 0.181585644883825,
        "Pressure9am": 0.044679617823325614,
        "Pressure3pm": 0.11325625023974845,
        "Cloud9am": 0.022096223161042716,
        "Cloud3pm": 0.02153657475890894,
        "Temp9am": 0.05795761186101961,
        "Temp3pm": 0.04649099356324803
    },
    "training_date": "2025-04-23 18:27:05",
    "model_path": "./models/multivariate_CoffsHarbour.joblib"
}