{
    "location": "Dartmoor",
    "metrics": {
        "MinTemp": {
            "rmse": 3.1557046366372425,
            "mae": 2.562561322638808,
            "r2": 0.4441404603352477
        },
        "MaxTemp": {
            "rmse": 4.081627533695417,
            "mae": 2.967535937580577,
            "r2": 0.6043032170515386
        },
        "Rainfall": {
            "rmse": 3.950598325516419,
            "mae": 2.208488498837817,
            "r2": 0.18102522491759954
        },
        "Evaporation": {
            "rmse": 1.7696218897688238,
            "mae": 1.2135225548092485,
            "r2": 0.4913508426920426
        },
        "Sunshine": {
            "rmse": 3.490683397262123,
            "mae": 3.0263198457001086,
            "r2": -0.09676125534742856
        },
        "WindGustSpeed": {
            "rmse": 11.896307108210019,
            "mae": 9.42692496204972,
            "r2": 0.12455701742718102
        },
        "WindSpeed9am": {
            "rmse": 7.624038411249998,
            "mae": 6.366245842346232,
            "r2": 0.03669026747955465
        },
        "WindSpeed3pm": {
            "rmse": 7.473348859530006,
            "mae": 5.926339020953056,
            "r2": 0.038188611204826674
        },
        "Humidity9am": {
            "rmse": 13.687086003039271,
            "mae": 10.623750545029297,
            "r2": 0.249482920414685
        },
        "Humidity3pm": {
            "rmse": 16.02498442708716,
            "mae": 12.705124259031484,
            "r2": 0.34000174586505044
        },
        "Pressure9am": {
            "rmse": 6.268280108527719,
            "mae": 4.883159194985226,
            "r2": 0.3906984978236654
        },
        "Pressure3pm": {
            "rmse": 6.678067744419273,
            "mae": 5.2776043829645225,
            "r2": 0.2809529650854787
        },
        "Temp9am": {
            "rmse": 2.9800866710463363,
            "mae": 2.2397430848445468,
            "r2": 0.5850239946047394
        },
        "Temp3pm": {
            "rmse": 4.150270383036763,
            "mae": 3.053822548116457,
            "r2": 0.5696940092236527
        }
    },
    "best_parameters": {
        "n_estimators": 100,
        "min_samples_split": 2,
        "min_samples_leaf": 1,
        "max_depth": 20
    },
    "n_samples": 2053,
    "feature_importance": {
        "MinTemp": 0.05391952736473768,
        "MaxTemp": 0.1780601223883036,
        "Rainfall": 0.028349622243241793,
        "Evaporation": 0.04368976629708243,
        "Sunshine": 0.07823077387333494,
        "WindGustSpeed": 0.048019298045131234,
        "WindSpeed9am": 0.039202041526110315,
        "WindSpeed3pm": 0.04369062855354945,
        "Humidity9am": 0.06732934333802718,
        "Humidity3pm": 0.13579095162960514,
        "Pressure9am": 0.05117188097079562,
        "Pressure3pm": 0.12637492253270521,
        "Temp9am": 0.05368802486474827,
        "Temp3pm": 0.0524830963726272
    },
    "training_date": "2025-04-23 18:54:01",
    "model_path": "./models/multivariate_Dartmoor.joblib"
}