{
    "location": "Darwin",
    "metrics": {
        "MinTemp": {
            "rmse": 1.6128392331267911,
            "mae": 1.230682348764485,
            "r2": 0.7032664811007528
        },
        "MaxTemp": {
            "rmse": 1.4538471010517522,
            "mae": 1.0790359355767478,
            "r2": 0.3331341046428385
        },
        "Rainfall": {
            "rmse": 15.579162047783674,
            "mae": 6.267030150632606,
            "r2": 0.2230062390810156
        },
        "Evaporation": {
            "rmse": 1.6714245310903333,
            "mae": 1.262321656165977,
            "r2": 0.24248067361332926
        },
        "Sunshine": {
            "rmse": 2.478474159027944,
            "mae": 1.8563561538036113,
            "r2": 0.43006765998395974
        },
        "WindGustSpeed": {
            "rmse": 9.462236391465462,
            "mae": 7.281263111765514,
            "r2": 0.08380110564826249
        },
        "WindSpeed9am": {
            "rmse": 6.206173561943001,
            "mae": 4.8667674207475065,
            "r2": 0.18167199932649036
        },
        "WindSpeed3pm": {
            "rmse": 5.898136339174627,
            "mae": 4.614872328997685,
            "r2": 0.04341823181462767
        },
        "Humidity9am": {
            "rmse": 10.134341107652036,
            "mae": 7.682375816313447,
            "r2": 0.5487910818285205
        },
        "Humidity3pm": {
            "rmse": 11.873413018417196,
            "mae": 9.336117210074553,
            "r2": 0.6132216934226588
        },
        "Pressure9am": {
            "rmse": 1.589346975180323,
            "mae": 1.223036966407535,
            "r2": 0.7837436777874508
        },
        "Pressure3pm": {
            "rmse": 1.5314533033129412,
            "mae": 1.1719325119488115,
            "r2": 0.7327713316798109
        },
        "Cloud9am": {
            "rmse": 2.0317479209427156,
            "mae": 1.7019726124901522,
            "r2": 0.3664152432523034
        },
        "Cloud3pm": {
            "rmse": 1.9791114301678283,
            "mae": 1.6504622152429225,
            "r2": 0.4156007643002438
        },
        "Temp9am": {
            "rmse": 1.7242349171129667,
            "mae": 1.3586746086229393,
            "r2": 0.6061141444316388
        },
        "Temp3pm": {
            "rmse": 1.8822414466544846,
            "mae": 1.4201714827885983,
            "r2": 0.22866913845362727
        }
    },
    "best_parameters": {
        "n_estimators": 100,
        "min_samples_split": 5,
        "min_samples_leaf": 1,
        "max_depth": 10
    },
    "n_samples": 2203,
    "feature_importance": {
        "MinTemp": 0.03817766839358676,
        "MaxTemp": 0.029537756040616966,
        "Rainfall": 0.016434827649841343,
        "Evaporation": 0.02522349634189173,
        "Sunshine": 0.05271098578828047,
        "WindGustSpeed": 0.05300595392821253,
        "WindSpeed9am": 0.04852989360455849,
        "WindSpeed3pm": 0.05304984401824586,
        "Humidity9am": 0.044796850142586025,
        "Humidity3pm": 0.28288361383218086,
        "Pressure9am": 0.22093686123125267,
        "Pressure3pm": 0.03869867691081759,
        "Cloud9am": 0.009112634425691282,
        "Cloud3pm": 0.008583432413356061,
        "Temp9am": 0.04970434107715006,
        "Temp3pm": 0.028613164201731357
    },
    "training_date": "2025-04-23 19:06:25",
    "model_path": "./models/multivariate_Darwin.joblib"
}