{
    "location": "GoldCoast",
    "metrics": {
        "MinTemp": {
            "rmse": 1.8125540867835008,
            "mae": 1.42368057487014,
            "r2": 0.8007388219822467
        },
        "MaxTemp": {
            "rmse": 1.8566144665725435,
            "mae": 1.378013550383112,
            "r2": 0.6899215569631049
        },
        "Rainfall": {
            "rmse": 12.520956962435521,
            "mae": 5.638605020839974,
            "r2": 0.029924064348048212
        },
        "WindGustSpeed": {
            "rmse": 12.71889260954655,
            "mae": 10.165561697735681,
            "r2": 0.07200325266700584
        },
        "WindSpeed9am": {
            "rmse": 9.040572533809902,
            "mae": 7.282375007358724,
            "r2": 0.09247925882313979
        },
        "WindSpeed3pm": {
            "rmse": 9.271930893279256,
            "mae": 7.605515000176195,
            "r2": 0.06591236631054449
        },
        "Humidity9am": {
            "rmse": 12.782041066804263,
            "mae": 9.817567442150434,
            "r2": 0.2269218112515411
        },
        "Humidity3pm": {
            "rmse": 13.006640828382123,
            "mae": 9.58222451666851,
            "r2": 0.24396491355581376
        },
        "Pressure9am": {
            "rmse": 4.087801011546058,
            "mae": 3.208068323519766,
            "r2": 0.4513282868874227
        },
        "Pressure3pm": {
            "rmse": 4.4765489757183765,
            "mae": 3.533989418145389,
            "r2": 0.3586426168445301
        },
        "Temp9am": {
            "rmse": 1.9062595438552952,
            "mae": 1.5100085408428863,
            "r2": 0.765957360965614
        },
        "Temp3pm": {
            "rmse": 1.8377110188675208,
            "mae": 1.412805740694844,
            "r2": 0.6474472176328226
        }
    },
    "best_parameters": {
        "n_estimators": 100,
        "min_samples_split": 5,
        "min_samples_leaf": 2,
        "max_depth": 20
    },
    "n_samples": 2043,
    "feature_importance": {
        "MinTemp": 0.0899923393705775,
        "MaxTemp": 0.0606074984263366,
        "Rainfall": 0.0424783722148082,
        "WindGustSpeed": 0.09200554955800211,
        "WindSpeed9am": 0.057958644971191284,
        "WindSpeed3pm": 0.05893524703687834,
        "Humidity9am": 0.07280099722530381,
        "Humidity3pm": 0.1999770344323124,
        "Pressure9am": 0.063748695043092,
        "Pressure3pm": 0.09270407421176374,
        "Temp9am": 0.09804825108724038,
        "Temp3pm": 0.07074329642249375
    },
    "training_date": "2025-04-23 18:56:10",
    "model_path": "./models/multivariate_GoldCoast.joblib"
}