{
    "location": "Hobart",
    "metrics": {
        "MinTemp": {
            "rmse": 2.5943449462884267,
            "mae": 2.072524211584686,
            "r2": 0.5366247347133338
        },
        "MaxTemp": {
            "rmse": 3.619498278948291,
            "mae": 2.743272228709331,
            "r2": 0.48256957643374526
        },
        "Rainfall": {
            "rmse": 3.57315647814154,
            "mae": 2.058719139871709,
            "r2": 0.08070225253761958
        },
        "Evaporation": {
            "rmse": 1.6818835138253554,
            "mae": 1.239412281535966,
            "r2": 0.5087556006610935
        },
        "Sunshine": {
            "rmse": 3.356127007531294,
            "mae": 2.7980780312062676,
            "r2": 0.09840738268080725
        },
        "WindGustSpeed": {
            "rmse": 16.106342785193622,
            "mae": 12.623512303171248,
            "r2": 0.17055161127056098
        },
        "WindSpeed9am": {
            "rmse": 8.061969973304821,
            "mae": 6.409123838304829,
            "r2": 0.059795924892316187
        },
        "WindSpeed3pm": {
            "rmse": 8.04065234404875,
            "mae": 6.114167464022937,
            "r2": 0.08672207830912715
        },
        "Humidity9am": {
            "rmse": 12.862646052824369,
            "mae": 10.18498965433837,
            "r2": 0.2189651115428531
        },
        "Humidity3pm": {
            "rmse": 15.185001071295487,
            "mae": 11.989050993017225,
            "r2": 0.08380173747497821
        },
        "Pressure9am": {
            "rmse": 7.894164131511405,
            "mae": 6.179053763603197,
            "r2": 0.3565976145691702
        },
        "Pressure3pm": {
            "rmse": 8.542133398244262,
            "mae": 6.7305715364715395,
            "r2": 0.2481277444023131
        },
        "Temp9am": {
            "rmse": 2.8244660068496077,
            "mae": 2.2017481891919957,
            "r2": 0.54230378908075
        },
        "Temp3pm": {
            "rmse": 3.6458581029311734,
            "mae": 2.746219741816855,
            "r2": 0.43158509899687153
        }
    },
    "best_parameters": {
        "n_estimators": 100,
        "min_samples_split": 5,
        "min_samples_leaf": 2,
        "max_depth": 20
    },
    "n_samples": 2225,
    "feature_importance": {
        "MinTemp": 0.055347871592679614,
        "MaxTemp": 0.10283156432741668,
        "Rainfall": 0.028370779863901997,
        "Evaporation": 0.0647097300234694,
        "Sunshine": 0.07362326930956978,
        "WindGustSpeed": 0.06855565815689234,
        "WindSpeed9am": 0.04219246242874655,
        "WindSpeed3pm": 0.04522399842897533,
        "Humidity9am": 0.07273863298301683,
        "Humidity3pm": 0.07483084368329326,
        "Pressure9am": 0.05712281320986656,
        "Pressure3pm": 0.1995493800638581,
        "Temp9am": 0.059422061886634764,
        "Temp3pm": 0.05548093404167876
    },
    "training_date": "2025-04-23 19:04:47",
    "model_path": "./models/multivariate_Hobart.joblib"
}