{
    "location": "Katherine",
    "metrics": {
        "MinTemp": {
            "rmse": 2.36453911547751,
            "mae": 1.835034696750201,
            "r2": 0.7992119418898579
        },
        "MaxTemp": {
            "rmse": 1.9160948027965512,
            "mae": 1.445104413229175,
            "r2": 0.6386562867172029
        },
        "Rainfall": {
            "rmse": 10.036155803054394,
            "mae": 3.613665006430979,
            "r2": 0.11250152289009689
        },
        "Evaporation": {
            "rmse": 2.4657640058314123,
            "mae": 1.6429438873361495,
            "r2": 0.21152091103518675
        },
        "WindGustSpeed": {
            "rmse": 9.270934168735717,
            "mae": 7.0016428063291265,
            "r2": 0.048248812153921294
        },
        "WindSpeed9am": {
            "rmse": 5.801359185242387,
            "mae": 4.57584464434938,
            "r2": 0.0701730575979197
        },
        "WindSpeed3pm": {
            "rmse": 5.644538427534212,
            "mae": 4.529480936678497,
            "r2": 0.05655473363761717
        },
        "Humidity9am": {
            "rmse": 11.94378481052433,
            "mae": 9.0539425968833,
            "r2": 0.480509143661809
        },
        "Pressure9am": {
            "rmse": 1.6216127320507094,
            "mae": 1.2580127687786244,
            "r2": 0.8146797940208245
        },
        "Pressure3pm": {
            "rmse": 1.6417679829839102,
            "mae": 1.2583012252025674,
            "r2": 0.7897088798576327
        },
        "Cloud9am": {
            "rmse": 2.074584295019214,
            "mae": 1.62292847447235,
            "r2": 0.3791343972031407
        },
        "Temp9am": {
            "rmse": 2.0468683514347377,
            "mae": 1.6236911663888212,
            "r2": 0.7435754461612006
        }
    },
    "best_parameters": {
        "n_estimators": 100,
        "min_samples_split": 2,
        "min_samples_leaf": 1,
        "max_depth": 20
    },
    "n_samples": 1051,
    "feature_importance": {
        "MinTemp": 0.06456841862738034,
        "MaxTemp": 0.07996394504312444,
        "Rainfall": 0.025752962131949764,
        "Evaporation": 0.06364902911308688,
        "WindGustSpeed": 0.07605785985505506,
        "WindSpeed9am": 0.049411257912331474,
        "WindSpeed3pm": 0.05055819781709134,
        "Humidity9am": 0.17877845778582832,
        "Pressure9am": 0.22927206859543375,
        "Pressure3pm": 0.09016159330948587,
        "Cloud9am": 0.026700399322046216,
        "Temp9am": 0.06512581048718649
    },
    "training_date": "2025-04-23 19:06:39",
    "model_path": "./models/multivariate_Katherine.joblib"
}