{
    "location": "Launceston",
    "metrics": {
        "MinTemp": {
            "rmse": 3.1854853306310242,
            "mae": 2.6359024202543853,
            "r2": 0.5898492967537414
        },
        "MaxTemp": {
            "rmse": 2.5595385976947718,
            "mae": 1.9986406424858398,
            "r2": 0.7410628990264928
        },
        "Rainfall": {
            "rmse": 5.260997076849326,
            "mae": 2.9151411672559155,
            "r2": 0.02801316267397495
        },
        "WindGustSpeed": {
            "rmse": 12.009651513451075,
            "mae": 9.369612708843341,
            "r2": 0.11436023626389173
        },
        "WindSpeed9am": {
            "rmse": 7.056628063165483,
            "mae": 5.732263189175782,
            "r2": 0.054015194062860705
        },
        "WindSpeed3pm": {
            "rmse": 7.240629599639591,
            "mae": 5.883538059270367,
            "r2": 0.06787299674687546
        },
        "Humidity9am": {
            "rmse": 10.998641305833205,
            "mae": 8.587045151762526,
            "r2": 0.40731656563176855
        },
        "Humidity3pm": {
            "rmse": 14.876240604372157,
            "mae": 12.143375945960543,
            "r2": 0.24688525284408216
        },
        "Temp9am": {
            "rmse": 3.0116249292776733,
            "mae": 2.3872461517912953,
            "r2": 0.6464238308921556
        },
        "Temp3pm": {
            "rmse": 2.6893650573267274,
            "mae": 2.0974859743362213,
            "r2": 0.7028748661125187
        }
    },
    "best_parameters": {
        "n_estimators": 100,
        "min_samples_split": 5,
        "min_samples_leaf": 2,
        "max_depth": 10
    },
    "n_samples": 2058,
    "feature_importance": {
        "MinTemp": 0.0626129743588289,
        "MaxTemp": 0.2844519042081012,
        "Rainfall": 0.030587975259181728,
        "WindGustSpeed": 0.13149415615139365,
        "WindSpeed9am": 0.043440777788763124,
        "WindSpeed3pm": 0.05776975765143105,
        "Humidity9am": 0.11510796863347166,
        "Humidity3pm": 0.0929211006905198,
        "Temp9am": 0.12002637421888082,
        "Temp3pm": 0.06158701103942822
    },
    "training_date": "2025-04-23 19:05:06",
    "model_path": "./models/multivariate_Launceston.joblib"
}