{
    "location": "MelbourneAirport",
    "metrics": {
        "MinTemp": {
            "rmse": 3.002542801024596,
            "mae": 2.3552259632063124,
            "r2": 0.5415188722733933
        },
        "MaxTemp": {
            "rmse": 4.245001228917211,
            "mae": 3.1734812369505203,
            "r2": 0.5855931688859104
        },
        "Rainfall": {
            "rmse": 3.98084599825434,
            "mae": 2.000508653037286,
            "r2": 0.03734996208510736
        },
        "Evaporation": {
            "rmse": 2.151440009427907,
            "mae": 1.4740495672897438,
            "r2": 0.6006261632022508
        },
        "Sunshine": {
            "rmse": 3.5180854315580574,
            "mae": 2.9876702261976766,
            "r2": 0.16590600946506395
        },
        "WindGustSpeed": {
            "rmse": 14.778176525219783,
            "mae": 11.806828359196297,
            "r2": 0.11289316051875302
        },
        "WindSpeed9am": {
            "rmse": 11.114314799580809,
            "mae": 8.785328701057338,
            "r2": 0.07348916753015207
        },
        "WindSpeed3pm": {
            "rmse": 9.44696359587746,
            "mae": 7.517913305804231,
            "r2": 0.05999309070268218
        },
        "Humidity9am": {
            "rmse": 13.64623103950396,
            "mae": 10.796743964558537,
            "r2": 0.2300296441723434
        },
        "Humidity3pm": {
            "rmse": 15.441971820814473,
            "mae": 11.94594605729796,
            "r2": 0.2399462510983963
        },
        "Pressure9am": {
            "rmse": 6.169239102256853,
            "mae": 4.772613218298631,
            "r2": 0.35061751090786064
        },
        "Pressure3pm": {
            "rmse": 6.3229925183562585,
            "mae": 4.972578444708571,
            "r2": 0.2779401636489652
        },
        "Cloud9am": {
            "rmse": 2.4831826167220177,
            "mae": 2.1613228307444494,
            "r2": 0.0177156513336663
        },
        "Cloud3pm": {
            "rmse": 2.303708598959391,
            "mae": 1.9269852404189598,
            "r2": 0.043991064752179954
        },
        "Temp9am": {
            "rmse": 3.0649731417739567,
            "mae": 2.2405444045267404,
            "r2": 0.5960525103833146
        },
        "Temp3pm": {
            "rmse": 4.321150749674761,
            "mae": 3.2460652575670235,
            "r2": 0.5457083128798614
        }
    },
    "best_parameters": {
        "n_estimators": 100,
        "min_samples_split": 5,
        "min_samples_leaf": 1,
        "max_depth": 10
    },
    "n_samples": 2125,
    "feature_importance": {
        "MinTemp": 0.05566638762376856,
        "MaxTemp": 0.1639286592926045,
        "Rainfall": 0.020863966540101517,
        "Evaporation": 0.056725926992930074,
        "Sunshine": 0.09763503695995056,
        "WindGustSpeed": 0.04631348455861487,
        "WindSpeed9am": 0.03352844407981438,
        "WindSpeed3pm": 0.04123951568031696,
        "Humidity9am": 0.0640941221004421,
        "Humidity3pm": 0.07026373761858917,
        "Pressure9am": 0.0514112400413925,
        "Pressure3pm": 0.10145327266653287,
        "Cloud9am": 0.01667109157512644,
        "Cloud3pm": 0.016476135384564966,
        "Temp9am": 0.05492028881841833,
        "Temp3pm": 0.10880869006683219
    },
    "training_date": "2025-04-23 18:50:38",
    "model_path": "./models/multivariate_MelbourneAirport.joblib"
}