{
    "location": "Melbourne",
    "metrics": {
        "MinTemp": {
            "rmse": 2.694308281391974,
            "mae": 2.087140179572323,
            "r2": 0.6010339446409425
        },
        "MaxTemp": {
            "rmse": 3.8874973760092417,
            "mae": 2.9609517997200547,
            "r2": 0.5543327572666973
        },
        "Rainfall": {
            "rmse": 5.316329724245392,
            "mae": 2.6777081398366787,
            "r2": 0.013062663062637295
        },
        "Evaporation": {
            "rmse": 2.2967747469314457,
            "mae": 1.5942232462672072,
            "r2": 0.5053367562103818
        },
        "Sunshine": {
            "rmse": 3.6309387893017284,
            "mae": 3.078482663465921,
            "r2": 0.13304554669183996
        },
        "WindGustSpeed": {
            "rmse": 15.478886984241578,
            "mae": 12.879346872098012,
            "r2": 0.014571564304435883
        },
        "WindSpeed9am": {
            "rmse": 11.552351944392631,
            "mae": 9.374444742690711,
            "r2": -0.16872416881727736
        },
        "WindSpeed3pm": {
            "rmse": 10.027948538776366,
            "mae": 8.318702519212033,
            "r2": -0.17102561787181855
        },
        "Humidity9am": {
            "rmse": 13.079094565054474,
            "mae": 10.436492434915715,
            "r2": 0.20336764841226185
        },
        "Humidity3pm": {
            "rmse": 15.036720321285683,
            "mae": 11.661735509679202,
            "r2": 0.09098106907061938
        },
        "Pressure9am": {
            "rmse": 6.427525108759277,
            "mae": 4.999712127196637,
            "r2": 0.32532548665534594
        },
        "Pressure3pm": {
            "rmse": 6.5591921427791355,
            "mae": 5.156944388147475,
            "r2": 0.25208049550431055
        },
        "Cloud9am": {
            "rmse": 2.330782186515378,
            "mae": 1.9788912702942747,
            "r2": 0.017547038220696698
        },
        "Cloud3pm": {
            "rmse": 2.109893265197309,
            "mae": 1.7481384327366865,
            "r2": 0.056737786523319546
        },
        "Temp9am": {
            "rmse": 3.034544135358176,
            "mae": 2.292501622954916,
            "r2": 0.5955565042316882
        },
        "Temp3pm": {
            "rmse": 3.846907591460985,
            "mae": 2.9378173519378272,
            "r2": 0.516392092066003
        }
    },
    "best_parameters": {
        "n_estimators": 100,
        "min_samples_split": 5,
        "min_samples_leaf": 1,
        "max_depth": 20
    },
    "n_samples": 1681,
    "feature_importance": {
        "MinTemp": 0.055815979312420175,
        "MaxTemp": 0.14150195035687632,
        "Rainfall": 0.027752358969791564,
        "Evaporation": 0.061272579737157926,
        "Sunshine": 0.0726075254041491,
        "WindGustSpeed": 0.0841136719540046,
        "WindSpeed9am": 0.05418860619112188,
        "WindSpeed3pm": 0.06084655362442171,
        "Humidity9am": 0.05839697421575639,
        "Humidity3pm": 0.09202224307021747,
        "Pressure9am": 0.051343624959876134,
        "Pressure3pm": 0.08422205603726525,
        "Cloud9am": 0.024941406096673287,
        "Cloud3pm": 0.027160090363721315,
        "Temp9am": 0.05558682616424494,
        "Temp3pm": 0.04822755354230195
    },
    "training_date": "2025-04-23 18:51:08",
    "model_path": "./models/multivariate_Melbourne.joblib"
}