{
    "location": "Mildura",
    "metrics": {
        "MinTemp": {
            "rmse": 3.50155325581015,
            "mae": 2.78521772694244,
            "r2": 0.6555274960740893
        },
        "MaxTemp": {
            "rmse": 3.9866777011793766,
            "mae": 3.0648528126811443,
            "r2": 0.7196426690556429
        },
        "Rainfall": {
            "rmse": 4.0915004878842804,
            "mae": 1.61764011338239,
            "r2": -0.14011102886829083
        },
        "Evaporation": {
            "rmse": 2.1756081933727107,
            "mae": 1.552680018462856,
            "r2": 0.7044623507099607
        },
        "Sunshine": {
            "rmse": 2.880960627328266,
            "mae": 2.2772078870542596,
            "r2": 0.2982004848932158
        },
        "WindGustSpeed": {
            "rmse": 10.941673683473487,
            "mae": 8.504956894738894,
            "r2": 0.13756968260641456
        },
        "WindSpeed9am": {
            "rmse": 5.738687415585692,
            "mae": 4.48383077477556,
            "r2": 0.14504319788868258
        },
        "WindSpeed3pm": {
            "rmse": 6.187255475349386,
            "mae": 4.927316176272419,
            "r2": 0.07459072245792797
        },
        "Humidity9am": {
            "rmse": 14.218573946633065,
            "mae": 11.105837903398418,
            "r2": 0.5639311886446184
        },
        "Humidity3pm": {
            "rmse": 13.810624853325384,
            "mae": 9.913128632792839,
            "r2": 0.412403137323831
        },
        "Pressure9am": {
            "rmse": 5.27487208490967,
            "mae": 4.130460554057355,
            "r2": 0.42645827547977794
        },
        "Pressure3pm": {
            "rmse": 5.412999269274838,
            "mae": 4.2603960199355795,
            "r2": 0.36904027592354227
        },
        "Cloud9am": {
            "rmse": 2.9272475410188696,
            "mae": 2.6685338164762613,
            "r2": 0.032766882183188385
        },
        "Cloud3pm": {
            "rmse": 2.584446639684747,
            "mae": 2.2774434457842365,
            "r2": 0.06959333889577908
        },
        "Temp9am": {
            "rmse": 3.5340816222295808,
            "mae": 2.7943157816530415,
            "r2": 0.6851605419765444
        },
        "Temp3pm": {
            "rmse": 4.157023332185539,
            "mae": 3.198614005887411,
            "r2": 0.6708197093132423
        }
    },
    "best_parameters": {
        "n_estimators": 100,
        "min_samples_split": 5,
        "min_samples_leaf": 2,
        "max_depth": 10
    },
    "n_samples": 2110,
    "feature_importance": {
        "MinTemp": 0.03251935799240799,
        "MaxTemp": 0.28135617693409065,
        "Rainfall": 0.007673141234860306,
        "Evaporation": 0.04856764902515439,
        "Sunshine": 0.07396642020299438,
        "WindGustSpeed": 0.032577425810136916,
        "WindSpeed9am": 0.022590279774262048,
        "WindSpeed3pm": 0.025012213339215203,
        "Humidity9am": 0.04490218345289115,
        "Humidity3pm": 0.23704037000739814,
        "Pressure9am": 0.028356876650219878,
        "Pressure3pm": 0.07631558444540792,
        "Cloud9am": 0.010968902548418343,
        "Cloud3pm": 0.013921998009585376,
        "Temp9am": 0.029510395018908356,
        "Temp3pm": 0.034721025554049094
    },
    "training_date": "2025-04-23 18:51:48",
    "model_path": "./models/multivariate_Mildura.joblib"
}