{
    "location": "Moree",
    "metrics": {
        "MinTemp": {
            "rmse": 3.141451012933695,
            "mae": 2.483740948428647,
            "r2": 0.7887536802105085
        },
        "MaxTemp": {
            "rmse": 3.3090077988076048,
            "mae": 2.521432689304245,
            "r2": 0.7722030096673609
        },
        "Rainfall": {
            "rmse": 6.400819484404494,
            "mae": 2.5259224329587266,
            "r2": 0.09279229105846742
        },
        "Evaporation": {
            "rmse": 6.224949286387759,
            "mae": 3.535819244591868,
            "r2": 0.18437732366179826
        },
        "Sunshine": {
            "rmse": 2.838808791264652,
            "mae": 2.3327201427667608,
            "r2": -0.3111167472804013
        },
        "WindGustSpeed": {
            "rmse": 9.861947250434165,
            "mae": 7.552088248527196,
            "r2": 0.21446842699199378
        },
        "WindSpeed9am": {
            "rmse": 7.190257993230816,
            "mae": 5.596057080925683,
            "r2": 0.15410660249372624
        },
        "WindSpeed3pm": {
            "rmse": 7.736313265531012,
            "mae": 6.194982747956936,
            "r2": 0.033265083913426384
        },
        "Humidity9am": {
            "rmse": 12.09042171196504,
            "mae": 9.13465890537945,
            "r2": 0.43955399155019076
        },
        "Humidity3pm": {
            "rmse": 15.289167179916774,
            "mae": 10.941431304411518,
            "r2": 0.2792550157475779
        },
        "Pressure9am": {
            "rmse": 4.298762166705082,
            "mae": 3.3714185748103245,
            "r2": 0.5008068142305521
        },
        "Pressure3pm": {
            "rmse": 4.224141340952014,
            "mae": 3.3254773857147497,
            "r2": 0.4963858581300711
        },
        "Cloud9am": {
            "rmse": 2.7902023436342724,
            "mae": 2.46768372102489,
            "r2": -0.021185953528322015
        },
        "Cloud3pm": {
            "rmse": 2.4894573032889977,
            "mae": 2.187078846406664,
            "r2": 0.04630348980471455
        },
        "Temp9am": {
            "rmse": 2.513677121754657,
            "mae": 1.9289832897215922,
            "r2": 0.8117609286774278
        },
        "Temp3pm": {
            "rmse": 3.398779636088097,
            "mae": 2.598977352665672,
            "r2": 0.7397182959131761
        }
    },
    "best_parameters": {
        "n_estimators": 100,
        "min_samples_split": 5,
        "min_samples_leaf": 2,
        "max_depth": 20
    },
    "n_samples": 2006,
    "feature_importance": {
        "MinTemp": 0.04950118732361077,
        "MaxTemp": 0.11771706266005928,
        "Rainfall": 0.00995983578947544,
        "Evaporation": 0.044544723294195274,
        "Sunshine": 0.046333189815993665,
        "WindGustSpeed": 0.03701711238499601,
        "WindSpeed9am": 0.03504748693991194,
        "WindSpeed3pm": 0.032098544846790845,
        "Humidity9am": 0.0640538927590402,
        "Humidity3pm": 0.19113274290072274,
        "Pressure9am": 0.03858524883400874,
        "Pressure3pm": 0.050531416217243136,
        "Cloud9am": 0.017830968815175468,
        "Cloud3pm": 0.02622911743077179,
        "Temp9am": 0.05079420413101646,
        "Temp3pm": 0.18862326585698838
    },
    "training_date": "2025-04-23 18:27:46",
    "model_path": "./models/multivariate_Moree.joblib"
}