{
    "location": "MountGambier",
    "metrics": {
        "MinTemp": {
            "rmse": 3.121029696242099,
            "mae": 2.5153626225880354,
            "r2": 0.41115349834378634
        },
        "MaxTemp": {
            "rmse": 4.000454958620557,
            "mae": 2.8807197198549903,
            "r2": 0.6022327409680369
        },
        "Rainfall": {
            "rmse": 4.736708624094771,
            "mae": 2.353169964648385,
            "r2": 0.15913015937587113
        },
        "Evaporation": {
            "rmse": 1.6979331415834371,
            "mae": 1.21268787240694,
            "r2": 0.5393151382257121
        },
        "Sunshine": {
            "rmse": 3.2781312288362727,
            "mae": 2.803433022470106,
            "r2": 0.16496745523708822
        },
        "WindGustSpeed": {
            "rmse": 12.136028275476278,
            "mae": 9.358884946050928,
            "r2": 0.17112585387870352
        },
        "WindSpeed9am": {
            "rmse": 7.582211078752818,
            "mae": 6.073138242039441,
            "r2": 0.10229470931023717
        },
        "WindSpeed3pm": {
            "rmse": 7.720795099255127,
            "mae": 6.1992988135959175,
            "r2": 0.14213973735584107
        },
        "Humidity9am": {
            "rmse": 14.252607155590875,
            "mae": 11.343826933240969,
            "r2": 0.28633559691396365
        },
        "Humidity3pm": {
            "rmse": 15.618977959860828,
            "mae": 12.061110661438926,
            "r2": 0.35951632012041773
        },
        "Pressure9am": {
            "rmse": 6.216713804406752,
            "mae": 4.77941489016842,
            "r2": 0.4050384992044013
        },
        "Pressure3pm": {
            "rmse": 6.5333498471301406,
            "mae": 5.122850245587021,
            "r2": 0.3039809735171821
        },
        "Cloud9am": {
            "rmse": 2.453265287617968,
            "mae": 2.139712703728559,
            "r2": 0.013917686859734787
        },
        "Cloud3pm": {
            "rmse": 2.2606480417433814,
            "mae": 1.9058621036749155,
            "r2": 0.05897782594457183
        },
        "Temp9am": {
            "rmse": 2.761476686537916,
            "mae": 1.987666618441246,
            "r2": 0.6065947620179594
        },
        "Temp3pm": {
            "rmse": 4.128801714883987,
            "mae": 3.011124596504749,
            "r2": 0.5610037043825318
        }
    },
    "best_parameters": {
        "n_estimators": 100,
        "min_samples_split": 5,
        "min_samples_leaf": 1,
        "max_depth": 20
    },
    "n_samples": 2126,
    "feature_importance": {
        "MinTemp": 0.04802396857061729,
        "MaxTemp": 0.17941358200142093,
        "Rainfall": 0.022519213347083074,
        "Evaporation": 0.055005201112753394,
        "Sunshine": 0.07069199466387097,
        "WindGustSpeed": 0.04500324471847037,
        "WindSpeed9am": 0.034176899104867944,
        "WindSpeed3pm": 0.04137454100180214,
        "Humidity9am": 0.05850113964113255,
        "Humidity3pm": 0.1317462882665418,
        "Pressure9am": 0.044478625563994185,
        "Pressure3pm": 0.1290883132570783,
        "Cloud9am": 0.019233831594648757,
        "Cloud3pm": 0.020429320614329793,
        "Temp9am": 0.055581852669773835,
        "Temp3pm": 0.044731983871614686
    },
    "training_date": "2025-04-23 18:58:12",
    "model_path": "./models/multivariate_MountGambier.joblib"
}