{
    "location": "Newcastle",
    "metrics": {
        "MinTemp": {
            "rmse": 2.5982106103000313,
            "mae": 2.1061530534810164,
            "r2": 0.7242280337779551
        },
        "MaxTemp": {
            "rmse": 3.5868295605409988,
            "mae": 2.692623171690625,
            "r2": 0.5442832175809874
        },
        "Rainfall": {
            "rmse": 12.783251161596922,
            "mae": 4.9231138951597675,
            "r2": -0.06862337875319768
        },
        "WindSpeed9am": {
            "rmse": 9.905765469117258,
            "mae": 6.585603638108985,
            "r2": -0.08858436144182676
        },
        "Humidity9am": {
            "rmse": 14.89205662963173,
            "mae": 12.107194810360914,
            "r2": -0.02857705445678475
        },
        "Humidity3pm": {
            "rmse": 18.04996917965886,
            "mae": 15.420307098431879,
            "r2": -1.438228786390266
        },
        "Cloud9am": {
            "rmse": 2.9795601985258457,
            "mae": 2.6596262346804287,
            "r2": 0.021119275879414052
        },
        "Cloud3pm": {
            "rmse": 2.6044021035510814,
            "mae": 2.3666449568238517,
            "r2": -1.7491529982352603
        },
        "Temp9am": {
            "rmse": 2.6382388850107827,
            "mae": 2.0460337856305264,
            "r2": 0.7184234001662277
        },
        "Temp3pm": {
            "rmse": 3.635059946796091,
            "mae": 2.6984007241523678,
            "r2": -0.058577660088390125
        }
    },
    "best_parameters": {
        "n_estimators": 50,
        "min_samples_split": 2,
        "min_samples_leaf": 1,
        "max_depth": 10
    },
    "n_samples": 2082,
    "feature_importance": {
        "MinTemp": 0.09995405191121182,
        "MaxTemp": 0.09711619461178389,
        "Rainfall": 0.06184759294279539,
        "WindSpeed9am": 0.0338342018749498,
        "Humidity9am": 0.09500796743351886,
        "Humidity3pm": 0.39495625033621967,
        "Cloud9am": 0.02548885080916656,
        "Cloud3pm": 0.024473237555468447,
        "Temp9am": 0.11502386383781561,
        "Temp3pm": 0.05229778868706983
    },
    "training_date": "2025-04-23 18:28:08",
    "model_path": "./models/multivariate_Newcastle.joblib"
}