{
    "location": "Nhil",
    "metrics": {
        "MinTemp": {
            "rmse": 3.466834506745022,
            "mae": 2.7847486630499128,
            "r2": 0.5205468997567894
        },
        "MaxTemp": {
            "rmse": 4.002337372862985,
            "mae": 3.0767216068125,
            "r2": 0.7223823125872494
        },
        "Rainfall": {
            "rmse": 2.970333263048649,
            "mae": 1.2965380259092758,
            "r2": 0.04018700233716477
        },
        "WindGustSpeed": {
            "rmse": 12.39430350629501,
            "mae": 9.712726448155019,
            "r2": 0.19368165883323052
        },
        "WindSpeed9am": {
            "rmse": 7.218934824241998,
            "mae": 5.5741172293975865,
            "r2": 0.14735167267638974
        },
        "WindSpeed3pm": {
            "rmse": 9.40932185887278,
            "mae": 7.346839750659394,
            "r2": 0.0833159988906997
        },
        "Humidity9am": {
            "rmse": 13.715715655876282,
            "mae": 10.714046880566523,
            "r2": 0.5246611100657071
        },
        "Humidity3pm": {
            "rmse": 15.319911551941312,
            "mae": 11.56824474711796,
            "r2": 0.4798724341191858
        },
        "Pressure9am": {
            "rmse": 6.0912599085202315,
            "mae": 4.656213059004475,
            "r2": 0.38332181607108895
        },
        "Pressure3pm": {
            "rmse": 6.311104896358413,
            "mae": 4.863781143717388,
            "r2": 0.30565418444017506
        },
        "Temp9am": {
            "rmse": 3.1349254324007223,
            "mae": 2.3966871026856746,
            "r2": 0.6796976628764969
        },
        "Temp3pm": {
            "rmse": 4.100915832119463,
            "mae": 3.1603210097970806,
            "r2": 0.6785417247485518
        }
    },
    "best_parameters": {
        "n_estimators": 50,
        "min_samples_split": 5,
        "min_samples_leaf": 1,
        "max_depth": 20
    },
    "n_samples": 1122,
    "feature_importance": {
        "MinTemp": 0.044554586953312963,
        "MaxTemp": 0.3661448443748134,
        "Rainfall": 0.01589149172072349,
        "WindGustSpeed": 0.04079602382103972,
        "WindSpeed9am": 0.040203988542468316,
        "WindSpeed3pm": 0.04625739052807089,
        "Humidity9am": 0.07659131423906032,
        "Humidity3pm": 0.12017919809063976,
        "Pressure9am": 0.04415205045668244,
        "Pressure3pm": 0.12056973190694514,
        "Temp9am": 0.043850364393074145,
        "Temp3pm": 0.04080901497316934
    },
    "training_date": "2025-04-23 18:51:57",
    "model_path": "./models/multivariate_Nhil.joblib"
}