{
    "location": "NorahHead",
    "metrics": {
        "MinTemp": {
            "rmse": 2.061028484762877,
            "mae": 1.6212594368395379,
            "r2": 0.7383810641420707
        },
        "MaxTemp": {
            "rmse": 3.11271622652999,
            "mae": 2.3044383467521734,
            "r2": 0.4823809782435054
        },
        "Rainfall": {
            "rmse": 9.994778459989542,
            "mae": 5.1261964737404995,
            "r2": 0.09580758499894275
        },
        "WindGustSpeed": {
            "rmse": 14.612588515929417,
            "mae": 11.435900566499406,
            "r2": 0.05750296041590186
        },
        "WindSpeed9am": {
            "rmse": 9.861746824040038,
            "mae": 7.515379253759996,
            "r2": 0.0027799393629682387
        },
        "WindSpeed3pm": {
            "rmse": 10.326331454153186,
            "mae": 8.173410352445096,
            "r2": 0.049824592650167365
        },
        "Humidity9am": {
            "rmse": 11.948764600296457,
            "mae": 9.313269656114166,
            "r2": 0.2821879217076436
        },
        "Humidity3pm": {
            "rmse": 14.11501083166421,
            "mae": 10.729513683585182,
            "r2": 0.18838880422403514
        },
        "Pressure9am": {
            "rmse": 5.338988042055006,
            "mae": 4.131288347218342,
            "r2": 0.3933429613624469
        },
        "Pressure3pm": {
            "rmse": 5.752989047246511,
            "mae": 4.536538708860204,
            "r2": 0.3053874125162866
        },
        "Temp9am": {
            "rmse": 2.3679122454719024,
            "mae": 1.8224370015171438,
            "r2": 0.6415973559259639
        },
        "Temp3pm": {
            "rmse": 2.755458974152171,
            "mae": 1.9900676964845647,
            "r2": 0.49832239975122367
        }
    },
    "best_parameters": {
        "n_estimators": 100,
        "min_samples_split": 5,
        "min_samples_leaf": 2,
        "max_depth": 20
    },
    "n_samples": 2014,
    "feature_importance": {
        "MinTemp": 0.16462337630525256,
        "MaxTemp": 0.05838628097773016,
        "Rainfall": 0.03426910770742472,
        "WindGustSpeed": 0.09963052734735257,
        "WindSpeed9am": 0.053400687772638025,
        "WindSpeed3pm": 0.060571476293561605,
        "Humidity9am": 0.08341752731925714,
        "Humidity3pm": 0.11934873680266826,
        "Pressure9am": 0.06514614489390916,
        "Pressure3pm": 0.14289655210946184,
        "Temp9am": 0.06334091552887519,
        "Temp3pm": 0.05496866694186871
    },
    "training_date": "2025-04-23 18:28:45",
    "model_path": "./models/multivariate_NorahHead.joblib"
}