{
    "location": "NorfolkIsland",
    "metrics": {
        "MinTemp": {
            "rmse": 1.4541030969473006,
            "mae": 1.1864293518382925,
            "r2": 0.7211136432783887
        },
        "MaxTemp": {
            "rmse": 1.211657716346114,
            "mae": 0.9601741513861249,
            "r2": 0.7860475885780946
        },
        "Rainfall": {
            "rmse": 10.640666784905639,
            "mae": 4.135554821322487,
            "r2": 0.07453019409312878
        },
        "Evaporation": {
            "rmse": 2.4827012270698794,
            "mae": 1.4716208416658831,
            "r2": 0.23034443975161278
        },
        "Sunshine": {
            "rmse": 3.036986960079215,
            "mae": 2.452870748511884,
            "r2": 0.0010619207496896561
        },
        "WindGustSpeed": {
            "rmse": 11.22858505457239,
            "mae": 8.846711160165212,
            "r2": 0.14540699580416852
        },
        "WindSpeed9am": {
            "rmse": 7.092950571354518,
            "mae": 5.557271888394613,
            "r2": 0.11355712839946346
        },
        "WindSpeed3pm": {
            "rmse": 6.746118194975968,
            "mae": 5.329693842079565,
            "r2": 0.06396864519643075
        },
        "Humidity9am": {
            "rmse": 11.099879653945296,
            "mae": 9.055677072462016,
            "r2": 0.178894409575869
        },
        "Humidity3pm": {
            "rmse": 10.997793021823918,
            "mae": 8.91886045558161,
            "r2": 0.15145067910306306
        },
        "Pressure9am": {
            "rmse": 4.378491069720825,
            "mae": 3.4116937034083143,
            "r2": 0.38553745447279336
        },
        "Pressure3pm": {
            "rmse": 4.470981073633478,
            "mae": 3.5092071491896113,
            "r2": 0.32507013040948585
        },
        "Cloud9am": {
            "rmse": 2.4331171028916487,
            "mae": 2.1660872584314075,
            "r2": -0.0019417114722379465
        },
        "Cloud3pm": {
            "rmse": 2.4008537292259278,
            "mae": 2.1368742695191076,
            "r2": 0.02040401723110034
        },
        "Temp9am": {
            "rmse": 1.3204167807850984,
            "mae": 1.0481247074241236,
            "r2": 0.7452740993998234
        },
        "Temp3pm": {
            "rmse": 1.2996703152579203,
            "mae": 1.0148900132344094,
            "r2": 0.7527976392875747
        }
    },
    "best_parameters": {
        "n_estimators": 100,
        "min_samples_split": 5,
        "min_samples_leaf": 2,
        "max_depth": 20
    },
    "n_samples": 2024,
    "feature_importance": {
        "MinTemp": 0.06269159657957915,
        "MaxTemp": 0.059075423841156924,
        "Rainfall": 0.0388513599260845,
        "Evaporation": 0.06431187013843548,
        "Sunshine": 0.07172378853622846,
        "WindGustSpeed": 0.10092749767736452,
        "WindSpeed9am": 0.04411570192623384,
        "WindSpeed3pm": 0.04931515927995417,
        "Humidity9am": 0.05353009906573351,
        "Humidity3pm": 0.16045140306251932,
        "Pressure9am": 0.049786406355964145,
        "Pressure3pm": 0.08028470343445906,
        "Cloud9am": 0.024531109527481075,
        "Cloud3pm": 0.02709079322074964,
        "Temp9am": 0.050315099913512525,
        "Temp3pm": 0.06299798751454375
    },
    "training_date": "2025-04-23 18:29:24",
    "model_path": "./models/multivariate_NorfolkIsland.joblib"
}