{
    "location": "Nuriootpa",
    "metrics": {
        "MinTemp": {
            "rmse": 3.4512738469191153,
            "mae": 2.740107833383614,
            "r2": 0.5609404952568199
        },
        "MaxTemp": {
            "rmse": 4.077243548566476,
            "mae": 3.1354077251097947,
            "r2": 0.7050555361742875
        },
        "Rainfall": {
            "rmse": 4.056939988244248,
            "mae": 1.7150548456847383,
            "r2": 0.11199720025593692
        },
        "Evaporation": {
            "rmse": 1.8837397164975498,
            "mae": 1.3836152427566135,
            "r2": 0.7065087594815468
        },
        "Sunshine": {
            "rmse": 3.336698068156514,
            "mae": 2.701759699538877,
            "r2": 0.2508898917193451
        },
        "WindGustSpeed": {
            "rmse": 11.291429515334263,
            "mae": 8.670702579797085,
            "r2": 0.15852539964307008
        },
        "WindSpeed9am": {
            "rmse": 7.204980891581982,
            "mae": 5.638077150838076,
            "r2": 0.10901499402541233
        },
        "WindSpeed3pm": {
            "rmse": 7.140372790002982,
            "mae": 5.457011429137519,
            "r2": 0.09958415223129902
        },
        "Humidity9am": {
            "rmse": 16.82361963266646,
            "mae": 13.337878639696378,
            "r2": 0.4080196109265284
        },
        "Humidity3pm": {
            "rmse": 16.98403167339412,
            "mae": 13.008163923029478,
            "r2": 0.42437154981408565
        },
        "Pressure9am": {
            "rmse": 5.308543579163129,
            "mae": 4.094013684153237,
            "r2": 0.456781408434665
        },
        "Pressure3pm": {
            "rmse": 5.424316461363166,
            "mae": 4.231853990206591,
            "r2": 0.39064077782244766
        },
        "Cloud9am": {
            "rmse": 2.526222147514504,
            "mae": 2.1980359029912697,
            "r2": 0.12097776517352517
        },
        "Cloud3pm": {
            "rmse": 2.213662025381224,
            "mae": 1.860186066986029,
            "r2": 0.0062608886358327025
        },
        "Temp9am": {
            "rmse": 3.527566677420405,
            "mae": 2.6789607297040625,
            "r2": 0.6423605541017506
        },
        "Temp3pm": {
            "rmse": 4.1249104498913605,
            "mae": 3.1542937923785828,
            "r2": 0.6766445858475266
        }
    },
    "best_parameters": {
        "n_estimators": 100,
        "min_samples_split": 5,
        "min_samples_leaf": 1,
        "max_depth": 10
    },
    "n_samples": 2096,
    "feature_importance": {
        "MinTemp": 0.03615511676939521,
        "MaxTemp": 0.04788574707109872,
        "Rainfall": 0.012183211612215682,
        "Evaporation": 0.06771143427107237,
        "Sunshine": 0.08773450717558215,
        "WindGustSpeed": 0.029221838895898338,
        "WindSpeed9am": 0.026823780099409854,
        "WindSpeed3pm": 0.021742120821256962,
        "Humidity9am": 0.036468566216163234,
        "Humidity3pm": 0.20822841178680507,
        "Pressure9am": 0.031117878960857593,
        "Pressure3pm": 0.11477766248928542,
        "Cloud9am": 0.013741893106322296,
        "Cloud3pm": 0.01606015482594852,
        "Temp9am": 0.034661535685019784,
        "Temp3pm": 0.2154861402136688
    },
    "training_date": "2025-04-23 18:58:53",
    "model_path": "./models/multivariate_Nuriootpa.joblib"
}