{
    "location": "PearceRAAF",
    "metrics": {
        "MinTemp": {
            "rmse": 3.3938510974247103,
            "mae": 2.723643061600233,
            "r2": 0.5496293286333181
        },
        "MaxTemp": {
            "rmse": 3.3828911756001823,
            "mae": 2.587173009345453,
            "r2": 0.7443531710135435
        },
        "Rainfall": {
            "rmse": 5.057165058458775,
            "mae": 2.326809484790666,
            "r2": 0.16734550011955404
        },
        "Sunshine": {
            "rmse": 2.870968701544745,
            "mae": 2.1815585768971615,
            "r2": 0.30894936183109345
        },
        "WindGustSpeed": {
            "rmse": 11.224617241938086,
            "mae": 8.615505559198224,
            "r2": 0.1449443290931949
        },
        "WindSpeed9am": {
            "rmse": 7.96628891143357,
            "mae": 6.28622538526193,
            "r2": 0.09832251410597963
        },
        "WindSpeed3pm": {
            "rmse": 7.135238817040029,
            "mae": 5.720709502943492,
            "r2": 0.12299354016086861
        },
        "Humidity9am": {
            "rmse": 14.100267513361404,
            "mae": 11.121507756726809,
            "r2": 0.4944224671710343
        },
        "Humidity3pm": {
            "rmse": 13.78453046398792,
            "mae": 10.219906253287194,
            "r2": 0.4041750393929169
        },
        "Pressure9am": {
            "rmse": 4.509696697953129,
            "mae": 3.516937765244973,
            "r2": 0.44870152447930706
        },
        "Pressure3pm": {
            "rmse": 4.345769820015132,
            "mae": 3.4230860328367245,
            "r2": 0.44646678397594736
        },
        "Temp9am": {
            "rmse": 2.8527121009197156,
            "mae": 2.167505797979537,
            "r2": 0.730149557196318
        },
        "Temp3pm": {
            "rmse": 3.4740366323931795,
            "mae": 2.6557531655471482,
            "r2": 0.7081681693737569
        }
    },
    "best_parameters": {
        "n_estimators": 100,
        "min_samples_split": 5,
        "min_samples_leaf": 1,
        "max_depth": 20
    },
    "n_samples": 1939,
    "feature_importance": {
        "MinTemp": 0.04653821851341725,
        "MaxTemp": 0.12205850794107738,
        "Rainfall": 0.013868777329345213,
        "Sunshine": 0.12085987669794075,
        "WindGustSpeed": 0.04450231007825403,
        "WindSpeed9am": 0.032859795413979646,
        "WindSpeed3pm": 0.03672751395239045,
        "Humidity9am": 0.06380384031881581,
        "Humidity3pm": 0.07669093249723663,
        "Pressure9am": 0.0521442795408245,
        "Pressure3pm": 0.09448688504428009,
        "Temp9am": 0.055095016125436255,
        "Temp3pm": 0.24036404654700178
    },
    "training_date": "2025-04-23 19:01:28",
    "model_path": "./models/multivariate_PearceRAAF.joblib"
}