{
    "location": "Penrith",
    "metrics": {
        "MinTemp": {
            "rmse": 2.5636413165778893,
            "mae": 2.0689026411602778,
            "r2": 0.7805268751079893
        },
        "MaxTemp": {
            "rmse": 3.930254340994026,
            "mae": 2.9858633576091598,
            "r2": 0.5584706858214966
        },
        "Rainfall": {
            "rmse": 6.479559077910427,
            "mae": 2.8077579785231577,
            "r2": 0.15548861139317008
        },
        "WindGustSpeed": {
            "rmse": 12.69587502417842,
            "mae": 10.059160338518632,
            "r2": 0.058788413996343825
        },
        "WindSpeed9am": {
            "rmse": 5.604766076926022,
            "mae": 4.491859716927748,
            "r2": 0.004986681794049559
        },
        "WindSpeed3pm": {
            "rmse": 7.033885915589331,
            "mae": 5.8127883148076664,
            "r2": -0.02922431556339015
        },
        "Humidity9am": {
            "rmse": 14.872569724696739,
            "mae": 11.823614304260998,
            "r2": 0.22278861010816864
        },
        "Humidity3pm": {
            "rmse": 17.444239825322867,
            "mae": 13.399239378130332,
            "r2": 0.16673942472436334
        },
        "Temp9am": {
            "rmse": 2.6093187388702415,
            "mae": 2.012135303286381,
            "r2": 0.7376646591249271
        },
        "Temp3pm": {
            "rmse": 4.077515476276462,
            "mae": 3.1052721270347505,
            "r2": 0.505048184852921
        }
    },
    "best_parameters": {
        "n_estimators": 100,
        "min_samples_split": 5,
        "min_samples_leaf": 2,
        "max_depth": 10
    },
    "n_samples": 2045,
    "feature_importance": {
        "MinTemp": 0.13318833629807472,
        "MaxTemp": 0.09730625391961473,
        "Rainfall": 0.027884202337747854,
        "WindGustSpeed": 0.10125110280706562,
        "WindSpeed9am": 0.03956640469136702,
        "WindSpeed3pm": 0.058448470135442326,
        "Humidity9am": 0.09757794439036742,
        "Humidity3pm": 0.24490564489374095,
        "Temp9am": 0.1191534763223492,
        "Temp3pm": 0.08071816420423016
    },
    "training_date": "2025-04-23 18:29:45",
    "model_path": "./models/multivariate_Penrith.joblib"
}