{
    "location": "Perth",
    "metrics": {
        "MinTemp": {
            "rmse": 2.9062959161465067,
            "mae": 2.293437171181403,
            "r2": 0.6542762802103936
        },
        "MaxTemp": {
            "rmse": 3.3100414126427964,
            "mae": 2.523748994592949,
            "r2": 0.6943216618932458
        },
        "Rainfall": {
            "rmse": 5.436922303816594,
            "mae": 2.1907685421262264,
            "r2": 0.2022995580093435
        },
        "Evaporation": {
            "rmse": 1.5584910992800527,
            "mae": 1.1750536983741633,
            "r2": 0.7910475559331996
        },
        "Sunshine": {
            "rmse": 2.902075047746164,
            "mae": 2.2009925525122367,
            "r2": 0.30906993622985807
        },
        "WindGustSpeed": {
            "rmse": 8.409735285362197,
            "mae": 6.4235677929310055,
            "r2": 0.17967604892936265
        },
        "WindSpeed9am": {
            "rmse": 4.5966050263883735,
            "mae": 3.641135863921896,
            "r2": 0.11952070379500868
        },
        "WindSpeed3pm": {
            "rmse": 4.348045983334568,
            "mae": 3.4609302741627026,
            "r2": 0.2068769303983328
        },
        "Humidity9am": {
            "rmse": 12.868783144577963,
            "mae": 10.068473862815631,
            "r2": 0.4553896803840889
        },
        "Humidity3pm": {
            "rmse": 13.92606817657216,
            "mae": 10.681298249021934,
            "r2": 0.2764303794880339
        },
        "Pressure9am": {
            "rmse": 4.497356227383539,
            "mae": 3.459991461031718,
            "r2": 0.49453883648515395
        },
        "Pressure3pm": {
            "rmse": 4.413087512464563,
            "mae": 3.455243514775335,
            "r2": 0.45395219264544107
        },
        "Cloud9am": {
            "rmse": 2.676064847868344,
            "mae": 2.375988623374815,
            "r2": 0.10831830713619288
        },
        "Cloud3pm": {
            "rmse": 2.516740736204193,
            "mae": 2.2083796673737908,
            "r2": 0.12285766291631343
        },
        "Temp9am": {
            "rmse": 2.7649002706549672,
            "mae": 2.0992430741200243,
            "r2": 0.7227897978137309
        },
        "Temp3pm": {
            "rmse": 3.376978165886149,
            "mae": 2.6046569017867243,
            "r2": 0.654017027301275
        }
    },
    "best_parameters": {
        "n_estimators": 100,
        "min_samples_split": 5,
        "min_samples_leaf": 1,
        "max_depth": 20
    },
    "n_samples": 2248,
    "feature_importance": {
        "MinTemp": 0.03976560012687865,
        "MaxTemp": 0.03754490720903647,
        "Rainfall": 0.015138607852944411,
        "Evaporation": 0.3039978776689029,
        "Sunshine": 0.09127146733667947,
        "WindGustSpeed": 0.03398300550552985,
        "WindSpeed9am": 0.02599896560380413,
        "WindSpeed3pm": 0.02453243975777849,
        "Humidity9am": 0.061982553118981626,
        "Humidity3pm": 0.06392770806615994,
        "Pressure9am": 0.050399327101290026,
        "Pressure3pm": 0.13026294605771538,
        "Cloud9am": 0.01669124875550839,
        "Cloud3pm": 0.01859725469230125,
        "Temp9am": 0.04536841406529876,
        "Temp3pm": 0.040537677081190375
    },
    "training_date": "2025-04-23 19:03:12",
    "model_path": "./models/multivariate_Perth.joblib"
}