{
    "location": "PerthAirport",
    "metrics": {
        "MinTemp": {
            "rmse": 3.1455061985149815,
            "mae": 2.5132911352754794,
            "r2": 0.5825771586731169
        },
        "MaxTemp": {
            "rmse": 3.2350792939864745,
            "mae": 2.5358503309256535,
            "r2": 0.7286532784118118
        },
        "Rainfall": {
            "rmse": 5.168776287853016,
            "mae": 2.258063313168197,
            "r2": 0.20945275487382642
        },
        "Evaporation": {
            "rmse": 1.4776146649877635,
            "mae": 1.1282268312002672,
            "r2": 0.8121985496515882
        },
        "Sunshine": {
            "rmse": 2.8847498596735215,
            "mae": 2.2492943019378173,
            "r2": 0.324619055231495
        },
        "WindGustSpeed": {
            "rmse": 11.092050248832905,
            "mae": 8.658743595400088,
            "r2": 0.17666486390502187
        },
        "WindSpeed9am": {
            "rmse": 7.9837566627647485,
            "mae": 6.4750503785834725,
            "r2": 0.14139180209788918
        },
        "WindSpeed3pm": {
            "rmse": 6.962359703272694,
            "mae": 5.532019684500598,
            "r2": 0.14314339406669827
        },
        "Humidity9am": {
            "rmse": 13.162047192032963,
            "mae": 10.195736570818765,
            "r2": 0.5109123471121834
        },
        "Humidity3pm": {
            "rmse": 14.174662672681166,
            "mae": 10.80303883075529,
            "r2": 0.34097941123498315
        },
        "Pressure9am": {
            "rmse": 4.525280546180219,
            "mae": 3.5113283555597907,
            "r2": 0.4741114736230843
        },
        "Pressure3pm": {
            "rmse": 4.388600926584091,
            "mae": 3.4525692216503026,
            "r2": 0.45182018214351416
        },
        "Cloud9am": {
            "rmse": 2.6862440963326706,
            "mae": 2.386901418628796,
            "r2": 0.09467833090689888
        },
        "Cloud3pm": {
            "rmse": 2.5272012883598776,
            "mae": 2.2242133868597658,
            "r2": 0.10902500818781997
        },
        "Temp9am": {
            "rmse": 2.6482951594707242,
            "mae": 2.0367947926028562,
            "r2": 0.7566564001232786
        },
        "Temp3pm": {
            "rmse": 3.334919529412957,
            "mae": 2.604946970415589,
            "r2": 0.6972657922175739
        }
    },
    "best_parameters": {
        "n_estimators": 100,
        "min_samples_split": 2,
        "min_samples_leaf": 1,
        "max_depth": 20
    },
    "n_samples": 2153,
    "feature_importance": {
        "MinTemp": 0.04374631347788165,
        "MaxTemp": 0.04249525686838891,
        "Rainfall": 0.015151415689246562,
        "Evaporation": 0.27859009924182027,
        "Sunshine": 0.07335130923316094,
        "WindGustSpeed": 0.042886783393001233,
        "WindSpeed9am": 0.03622559618812704,
        "WindSpeed3pm": 0.03714240212115316,
        "Humidity9am": 0.049989303042997695,
        "Humidity3pm": 0.08945009333061987,
        "Pressure9am": 0.05320888105144722,
        "Pressure3pm": 0.10873295721305293,
        "Cloud9am": 0.020970877872644227,
        "Cloud3pm": 0.022288063362487245,
        "Temp9am": 0.045443762399320166,
        "Temp3pm": 0.040326885514650905
    },
    "training_date": "2025-04-23 19:02:22",
    "model_path": "./models/multivariate_PerthAirport.joblib"
}