{
    "location": "Portland",
    "metrics": {
        "MinTemp": {
            "rmse": 2.6802478536270287,
            "mae": 2.171748723154161,
            "r2": 0.4274520215244944
        },
        "MaxTemp": {
            "rmse": 3.7986589113808797,
            "mae": 2.63380285020934,
            "r2": 0.4764694001734269
        },
        "Rainfall": {
            "rmse": 5.034724916383224,
            "mae": 2.752729367664011,
            "r2": 0.15189243965008178
        },
        "Evaporation": {
            "rmse": 1.8647120215555608,
            "mae": 1.355901278071016,
            "r2": 0.4556564962546423
        },
        "Sunshine": {
            "rmse": 3.4302907044576827,
            "mae": 2.983141358360577,
            "r2": -0.056210430326724715
        },
        "WindGustSpeed": {
            "rmse": 13.7283413495609,
            "mae": 10.75027208290139,
            "r2": 0.19367574115597228
        },
        "WindSpeed9am": {
            "rmse": 7.636890910456061,
            "mae": 5.959998519152388,
            "r2": 0.1475014751573621
        },
        "WindSpeed3pm": {
            "rmse": 8.15245414562468,
            "mae": 6.332344744313612,
            "r2": 0.12759086470662873
        },
        "Humidity9am": {
            "rmse": 13.239953242907475,
            "mae": 10.700999513009123,
            "r2": 0.10561706529067823
        },
        "Humidity3pm": {
            "rmse": 14.156769134560244,
            "mae": 10.860848460464203,
            "r2": 0.10942120731329334
        },
        "Pressure9am": {
            "rmse": 6.391213667232108,
            "mae": 4.905406662473466,
            "r2": 0.38729807910292585
        },
        "Pressure3pm": {
            "rmse": 6.827683348646576,
            "mae": 5.3606704524255235,
            "r2": 0.2657060578697317
        },
        "Cloud9am": {
            "rmse": 2.1401532424165848,
            "mae": 1.8394796887670404,
            "r2": -0.07152825183235752
        },
        "Cloud3pm": {
            "rmse": 2.2627269870275977,
            "mae": 1.9693685877782385,
            "r2": -0.0012432958458767536
        },
        "Temp9am": {
            "rmse": 2.5372814514888904,
            "mae": 1.7913163675969876,
            "r2": 0.5477909575840063
        },
        "Temp3pm": {
            "rmse": 3.6591780538341467,
            "mae": 2.561886521659924,
            "r2": 0.4460272409621513
        }
    },
    "best_parameters": {
        "n_estimators": 100,
        "min_samples_split": 2,
        "min_samples_leaf": 2,
        "max_depth": 20
    },
    "n_samples": 2099,
    "feature_importance": {
        "MinTemp": 0.05617406546136784,
        "MaxTemp": 0.08794524544298257,
        "Rainfall": 0.03262797843051241,
        "Evaporation": 0.04821027183576179,
        "Sunshine": 0.0618655262990234,
        "WindGustSpeed": 0.06919383641876296,
        "WindSpeed9am": 0.040273583810312985,
        "WindSpeed3pm": 0.04885392594251508,
        "Humidity9am": 0.06351517596587782,
        "Humidity3pm": 0.07441404408967213,
        "Pressure9am": 0.05339936363162914,
        "Pressure3pm": 0.15784279994823838,
        "Cloud9am": 0.02671524780838976,
        "Cloud3pm": 0.027997302768035973,
        "Temp9am": 0.08099028356410157,
        "Temp3pm": 0.06998134858281621
    },
    "training_date": "2025-04-23 18:52:39",
    "model_path": "./models/multivariate_Portland.joblib"
}