{
    "location": "Richmond",
    "metrics": {
        "MinTemp": {
            "rmse": 3.0944382941110633,
            "mae": 2.478846227420586,
            "r2": 0.7320011400703342
        },
        "MaxTemp": {
            "rmse": 3.80224072640524,
            "mae": 2.8539436197799515,
            "r2": 0.576449405708961
        },
        "Rainfall": {
            "rmse": 7.514185586668623,
            "mae": 3.0356540006839636,
            "r2": 0.09246027817545
        },
        "WindGustSpeed": {
            "rmse": 12.043201852373514,
            "mae": 9.147727566787568,
            "r2": 0.16318034975885318
        },
        "WindSpeed9am": {
            "rmse": 6.519958031834761,
            "mae": 4.985252547811718,
            "r2": 0.08714064333755019
        },
        "WindSpeed3pm": {
            "rmse": 7.7917051957458305,
            "mae": 6.206100803428314,
            "r2": 0.08349993259480148
        },
        "Humidity9am": {
            "rmse": 13.990785510328662,
            "mae": 10.906705586435608,
            "r2": 0.3239624382128165
        },
        "Humidity3pm": {
            "rmse": 16.761854078009282,
            "mae": 12.915811051806612,
            "r2": 0.1731661916906326
        },
        "Pressure9am": {
            "rmse": 5.367980479291545,
            "mae": 4.173265817158497,
            "r2": 0.4333282099325997
        },
        "Pressure3pm": {
            "rmse": 5.640081420391664,
            "mae": 4.462007943912397,
            "r2": 0.35370981469612667
        },
        "Temp9am": {
            "rmse": 2.8549058152070383,
            "mae": 2.1720734875891328,
            "r2": 0.697633531146611
        },
        "Temp3pm": {
            "rmse": 3.9064727811072557,
            "mae": 2.9457524667992954,
            "r2": 0.5371253821014291
        }
    },
    "best_parameters": {
        "n_estimators": 100,
        "min_samples_split": 2,
        "min_samples_leaf": 2,
        "max_depth": 20
    },
    "n_samples": 2046,
    "feature_importance": {
        "MinTemp": 0.11160306525629528,
        "MaxTemp": 0.09420670647235754,
        "Rainfall": 0.022175248147141717,
        "WindGustSpeed": 0.061262670614040116,
        "WindSpeed9am": 0.03883194753983223,
        "WindSpeed3pm": 0.05314198970966978,
        "Humidity9am": 0.08634170654412668,
        "Humidity3pm": 0.14929666029778652,
        "Pressure9am": 0.06012662936623027,
        "Pressure3pm": 0.19079008350232163,
        "Temp9am": 0.07066224353224515,
        "Temp3pm": 0.06156104901795309
    },
    "training_date": "2025-04-23 18:30:14",
    "model_path": "./models/multivariate_Richmond.joblib"
}