{
    "location": "Sale",
    "metrics": {
        "MinTemp": {
            "rmse": 2.9323915037553436,
            "mae": 2.4005904422347775,
            "r2": 0.6219310515860298
        },
        "MaxTemp": {
            "rmse": 3.6416947936259896,
            "mae": 2.769381411614987,
            "r2": 0.5720163692440668
        },
        "Rainfall": {
            "rmse": 4.552936009692834,
            "mae": 2.125702755848152,
            "r2": 0.049306737600541495
        },
        "WindGustSpeed": {
            "rmse": 14.751562037866849,
            "mae": 11.669966244628087,
            "r2": 0.13552669613938587
        },
        "WindSpeed9am": {
            "rmse": 8.199303735606884,
            "mae": 6.3338333190135705,
            "r2": 0.16249235239454993
        },
        "WindSpeed3pm": {
            "rmse": 9.55207947709019,
            "mae": 7.63273737066065,
            "r2": 0.12760107431568335
        },
        "Humidity9am": {
            "rmse": 11.601393364550283,
            "mae": 9.276052723054734,
            "r2": 0.2290358013837365
        },
        "Humidity3pm": {
            "rmse": 15.044832774786556,
            "mae": 11.723724763810383,
            "r2": 0.07692111015325669
        },
        "Pressure9am": {
            "rmse": 6.083172125881067,
            "mae": 4.788743342440268,
            "r2": 0.4067688206037878
        },
        "Pressure3pm": {
            "rmse": 6.425850119759552,
            "mae": 5.1481881730124455,
            "r2": 0.3103478532925638
        },
        "Cloud9am": {
            "rmse": 2.588215630379069,
            "mae": 2.319807941119892,
            "r2": -0.1932938823633629
        },
        "Cloud3pm": {
            "rmse": 2.514719574693844,
            "mae": 2.212180574557655,
            "r2": -0.059154164146054976
        },
        "Temp9am": {
            "rmse": 2.74117890577164,
            "mae": 2.108066013563673,
            "r2": 0.6612175749176581
        },
        "Temp3pm": {
            "rmse": 3.654686942609475,
            "mae": 2.7480626818821237,
            "r2": 0.5448264298771851
        }
    },
    "best_parameters": {
        "n_estimators": 100,
        "min_samples_split": 5,
        "min_samples_leaf": 2,
        "max_depth": 20
    },
    "n_samples": 2079,
    "feature_importance": {
        "MinTemp": 0.06849494299652929,
        "MaxTemp": 0.10720026316381134,
        "Rainfall": 0.02607737467619567,
        "WindGustSpeed": 0.08416733407823924,
        "WindSpeed9am": 0.04088890490762536,
        "WindSpeed3pm": 0.04756505090989214,
        "Humidity9am": 0.07591895828896626,
        "Humidity3pm": 0.07955814036494913,
        "Pressure9am": 0.05819474221470283,
        "Pressure3pm": 0.19519359880890325,
        "Cloud9am": 0.031746299647485515,
        "Cloud3pm": 0.033255577731061005,
        "Temp9am": 0.07980398623438217,
        "Temp3pm": 0.07193482597725685
    },
    "training_date": "2025-04-23 18:50:02",
    "model_path": "./models/multivariate_Sale.joblib"
}