{
    "location": "SalmonGums",
    "metrics": {
        "MinTemp": {
            "rmse": 3.824637678354088,
            "mae": 3.1206484823901133,
            "r2": 0.47250850367114366
        },
        "MaxTemp": {
            "rmse": 4.292196762705067,
            "mae": 3.2770248045250514,
            "r2": 0.5817192288905292
        },
        "Rainfall": {
            "rmse": 4.014835722724897,
            "mae": 1.6323045576613175,
            "r2": 0.006764616315603582
        },
        "WindGustSpeed": {
            "rmse": 10.344841588806053,
            "mae": 8.090323309733586,
            "r2": 0.11669671831767241
        },
        "WindSpeed9am": {
            "rmse": 6.195301580397191,
            "mae": 4.937744230176535,
            "r2": 0.03370272386345052
        },
        "WindSpeed3pm": {
            "rmse": 6.991383686070499,
            "mae": 5.673233882730309,
            "r2": 0.016249288462296858
        },
        "Humidity9am": {
            "rmse": 15.214890293007349,
            "mae": 12.11297732895359,
            "r2": 0.3671440049413961
        },
        "Humidity3pm": {
            "rmse": 17.18208312647461,
            "mae": 13.321873347717753,
            "r2": 0.2247779324077056
        },
        "Temp9am": {
            "rmse": 3.1565109742556436,
            "mae": 2.3218061334560436,
            "r2": 0.6359566851384714
        },
        "Temp3pm": {
            "rmse": 4.465791314305304,
            "mae": 3.422957357127217,
            "r2": 0.5290677970034766
        }
    },
    "best_parameters": {
        "n_estimators": 100,
        "min_samples_split": 2,
        "min_samples_leaf": 1,
        "max_depth": 10
    },
    "n_samples": 2017,
    "feature_importance": {
        "MinTemp": 0.08605056165233768,
        "MaxTemp": 0.1945270502356219,
        "Rainfall": 0.023586112859001734,
        "WindGustSpeed": 0.08643904249027076,
        "WindSpeed9am": 0.05233897563291128,
        "WindSpeed3pm": 0.06123341935647479,
        "Humidity9am": 0.09319713862802537,
        "Humidity3pm": 0.24430144542247423,
        "Temp9am": 0.09095564098163332,
        "Temp3pm": 0.06737061274124904
    },
    "training_date": "2025-04-23 19:03:33",
    "model_path": "./models/multivariate_SalmonGums.joblib"
}