{
    "location": "SydneyAirport",
    "metrics": {
        "MinTemp": {
            "rmse": 2.1257310923273547,
            "mae": 1.6958216746146924,
            "r2": 0.7834463551967952
        },
        "MaxTemp": {
            "rmse": 3.5632292896545272,
            "mae": 2.7179286329771997,
            "r2": 0.49524254670943063
        },
        "Rainfall": {
            "rmse": 8.546168713415542,
            "mae": 3.858669281934413,
            "r2": 0.08963273426169031
        },
        "Evaporation": {
            "rmse": 1.9833392415632733,
            "mae": 1.511383785377746,
            "r2": 0.48413320258479703
        },
        "Sunshine": {
            "rmse": 3.6737120630902176,
            "mae": 3.094179210476065,
            "r2": 0.07016256616690586
        },
        "WindGustSpeed": {
            "rmse": 13.203049429061172,
            "mae": 10.390670186937966,
            "r2": 0.11453600346892807
        },
        "WindSpeed9am": {
            "rmse": 8.558873126242815,
            "mae": 6.65832540104092,
            "r2": 0.07151887629434162
        },
        "WindSpeed3pm": {
            "rmse": 9.188919907705577,
            "mae": 7.1929677766034805,
            "r2": 0.08496050517968146
        },
        "Humidity9am": {
            "rmse": 13.675953180792819,
            "mae": 10.831411206618961,
            "r2": 0.2740036669964183
        },
        "Humidity3pm": {
            "rmse": 16.895694896087758,
            "mae": 13.473119200809721,
            "r2": 0.17127856472990463
        },
        "Pressure9am": {
            "rmse": 5.4773346856884695,
            "mae": 4.219425686236062,
            "r2": 0.39557592033583927
        },
        "Pressure3pm": {
            "rmse": 5.929999240691136,
            "mae": 4.684077948967957,
            "r2": 0.3004141972938645
        },
        "Cloud9am": {
            "rmse": 2.577182366431557,
            "mae": 2.3075689929631404,
            "r2": 0.09229818216073198
        },
        "Cloud3pm": {
            "rmse": 2.5424453546337626,
            "mae": 2.291095952238864,
            "r2": 0.03753825793433363
        },
        "Temp9am": {
            "rmse": 2.514100535990081,
            "mae": 1.9522999774428913,
            "r2": 0.6838110030468886
        },
        "Temp3pm": {
            "rmse": 3.4461212663099006,
            "mae": 2.627825659193752,
            "r2": 0.4695186868741619
        }
    },
    "best_parameters": {
        "n_estimators": 100,
        "min_samples_split": 5,
        "min_samples_leaf": 2,
        "max_depth": 20
    },
    "n_samples": 2086,
    "feature_importance": {
        "MinTemp": 0.0883148623231031,
        "MaxTemp": 0.07243643573147658,
        "Rainfall": 0.02201477619929989,
        "Evaporation": 0.05833050759362907,
        "Sunshine": 0.0660655174811532,
        "WindGustSpeed": 0.050029660395518684,
        "WindSpeed9am": 0.03931920183872638,
        "WindSpeed3pm": 0.04702949620685581,
        "Humidity9am": 0.053739204070316106,
        "Humidity3pm": 0.16239967911522513,
        "Pressure9am": 0.05417421510266514,
        "Pressure3pm": 0.1231486826498514,
        "Cloud9am": 0.02049743904655535,
        "Cloud3pm": 0.025008472506914015,
        "Temp9am": 0.06888288728110707,
        "Temp3pm": 0.04860896245760311
    },
    "training_date": "2025-04-23 18:31:51",
    "model_path": "./models/multivariate_SydneyAirport.joblib"
}