{
    "location": "Sydney",
    "metrics": {
        "MinTemp": {
            "rmse": 2.036539682646362,
            "mae": 1.591967112021715,
            "r2": 0.7965492613630195
        },
        "MaxTemp": {
            "rmse": 3.0580866701874085,
            "mae": 2.231165127794092,
            "r2": 0.5088730562094693
        },
        "Rainfall": {
            "rmse": 9.720039114529394,
            "mae": 4.261649445116846,
            "r2": 0.10089508436341814
        },
        "Evaporation": {
            "rmse": 1.966710448164342,
            "mae": 1.4836953112552276,
            "r2": 0.4714460349678698
        },
        "Sunshine": {
            "rmse": 3.613087364954872,
            "mae": 3.038996864140264,
            "r2": 0.06609912836148395
        },
        "WindSpeed9am": {
            "rmse": 6.621602617388394,
            "mae": 5.175207476793619,
            "r2": 0.09266001551497682
        },
        "WindSpeed3pm": {
            "rmse": 7.151333552545148,
            "mae": 5.445505418963283,
            "r2": 0.10261122862603138
        },
        "Humidity9am": {
            "rmse": 12.693986858252467,
            "mae": 9.96565465129452,
            "r2": 0.2703547704079167
        },
        "Humidity3pm": {
            "rmse": 14.710824413539617,
            "mae": 11.279812181354755,
            "r2": 0.16781599002429637
        },
        "Pressure9am": {
            "rmse": 5.397096812337781,
            "mae": 4.17774466555982,
            "r2": 0.44021855124578285
        },
        "Pressure3pm": {
            "rmse": 5.85257465548695,
            "mae": 4.608314212891732,
            "r2": 0.3371574395729258
        },
        "Cloud9am": {
            "rmse": 2.3836747828037623,
            "mae": 2.121407411747091,
            "r2": 0.033051066605946845
        },
        "Cloud3pm": {
            "rmse": 2.19883845024962,
            "mae": 1.9198681941156037,
            "r2": 0.03359592576990685
        },
        "Temp9am": {
            "rmse": 2.5306980745512058,
            "mae": 1.9608427259182666,
            "r2": 0.7278817797304523
        },
        "Temp3pm": {
            "rmse": 2.9471611944365637,
            "mae": 2.1857484002475203,
            "r2": 0.4996934888388611
        }
    },
    "best_parameters": {
        "n_estimators": 100,
        "min_samples_split": 5,
        "min_samples_leaf": 2,
        "max_depth": 20
    },
    "n_samples": 2347,
    "feature_importance": {
        "MinTemp": 0.0744589215120231,
        "MaxTemp": 0.05167728258497918,
        "Rainfall": 0.024403104707244088,
        "Evaporation": 0.05071525760952767,
        "Sunshine": 0.06267233937751132,
        "WindSpeed9am": 0.04022691354390495,
        "WindSpeed3pm": 0.04083710054419187,
        "Humidity9am": 0.06584985464958393,
        "Humidity3pm": 0.17793133890489096,
        "Pressure9am": 0.04654468172734508,
        "Pressure3pm": 0.1362428588340767,
        "Cloud9am": 0.026141890582498613,
        "Cloud3pm": 0.02758765647853393,
        "Temp9am": 0.12917548054345598,
        "Temp3pm": 0.04553531840023273
    },
    "training_date": "2025-04-23 18:31:09",
    "model_path": "./models/multivariate_Sydney.joblib"
}