{
    "location": "Townsville",
    "metrics": {
        "MinTemp": {
            "rmse": 2.101762999529481,
            "mae": 1.651995284642635,
            "r2": 0.7957927765383368
        },
        "MaxTemp": {
            "rmse": 1.5832275374475182,
            "mae": 1.1497045418843779,
            "r2": 0.6895672436202528
        },
        "Rainfall": {
            "rmse": 10.506543635849932,
            "mae": 3.900081776699977,
            "r2": 0.14869143869493529
        },
        "Evaporation": {
            "rmse": 1.796582574281916,
            "mae": 1.415228880520124,
            "r2": 0.503892688106874
        },
        "Sunshine": {
            "rmse": 2.709318236666437,
            "mae": 2.152479147677688,
            "r2": 0.09764895481335671
        },
        "WindGustSpeed": {
            "rmse": 7.57447428865926,
            "mae": 5.735899598788301,
            "r2": 0.11454172660729851
        },
        "WindSpeed9am": {
            "rmse": 6.870396203956893,
            "mae": 5.362471776543764,
            "r2": 0.16346392023266498
        },
        "WindSpeed3pm": {
            "rmse": 5.929531212203293,
            "mae": 4.906908612118385,
            "r2": 0.16466950683587553
        },
        "Humidity9am": {
            "rmse": 11.636033888419314,
            "mae": 8.387365146863983,
            "r2": 0.2493200495082637
        },
        "Humidity3pm": {
            "rmse": 11.448345235049826,
            "mae": 8.318497821488252,
            "r2": 0.24343928839849216
        },
        "Pressure9am": {
            "rmse": 2.2852203999729563,
            "mae": 1.7334104868701712,
            "r2": 0.7368401587048382
        },
        "Pressure3pm": {
            "rmse": 2.4006122209140646,
            "mae": 1.8405449821884077,
            "r2": 0.6938358905298515
        },
        "Cloud9am": {
            "rmse": 2.355389220461069,
            "mae": 2.0377783126672795,
            "r2": 0.12619855731275287
        },
        "Cloud3pm": {
            "rmse": 2.416438051171696,
            "mae": 2.1227330804394966,
            "r2": 0.11538146823048794
        },
        "Temp9am": {
            "rmse": 1.702040251044293,
            "mae": 1.312458536318912,
            "r2": 0.7609787143415696
        },
        "Temp3pm": {
            "rmse": 1.6696396985714603,
            "mae": 1.244340568332899,
            "r2": 0.6581181559737387
        }
    },
    "best_parameters": {
        "n_estimators": 100,
        "min_samples_split": 5,
        "min_samples_leaf": 2,
        "max_depth": 10
    },
    "n_samples": 2092,
    "feature_importance": {
        "MinTemp": 0.1215359402004667,
        "MaxTemp": 0.041430408873650224,
        "Rainfall": 0.017610248334238635,
        "Evaporation": 0.06941435155001022,
        "Sunshine": 0.03982612376952489,
        "WindGustSpeed": 0.07303786854015965,
        "WindSpeed9am": 0.04609476292640804,
        "WindSpeed3pm": 0.04972656875380163,
        "Humidity9am": 0.06003973891772477,
        "Humidity3pm": 0.20816084167184595,
        "Pressure9am": 0.09830567035112528,
        "Pressure3pm": 0.049975464864049746,
        "Cloud9am": 0.019253174492274507,
        "Cloud3pm": 0.01860318512626411,
        "Temp9am": 0.05787317704641455,
        "Temp3pm": 0.029112474582041074
    },
    "training_date": "2025-04-23 18:56:57",
    "model_path": "./models/multivariate_Townsville.joblib"
}