{
    "location": "Tuggeranong",
    "metrics": {
        "MinTemp": {
            "rmse": 3.6735316689894653,
            "mae": 3.0065316974382714,
            "r2": 0.6638966458863497
        },
        "MaxTemp": {
            "rmse": 3.5082622996106587,
            "mae": 2.69620276522414,
            "r2": 0.7424920239599198
        },
        "Rainfall": {
            "rmse": 7.184418431822752,
            "mae": 3.115748597212263,
            "r2": -0.00967479552323336
        },
        "WindGustSpeed": {
            "rmse": 10.358956076831012,
            "mae": 8.10100919509152,
            "r2": 0.15712201001169734
        },
        "WindSpeed9am": {
            "rmse": 6.3943460119835365,
            "mae": 5.090941808087007,
            "r2": 0.08555140813419297
        },
        "WindSpeed3pm": {
            "rmse": 5.835350733829095,
            "mae": 4.770910993512129,
            "r2": 0.08524370481201964
        },
        "Humidity9am": {
            "rmse": 12.754443326786514,
            "mae": 10.117805848800664,
            "r2": 0.29595343479605574
        },
        "Humidity3pm": {
            "rmse": 15.516386020874164,
            "mae": 11.63014562655862,
            "r2": 0.20840787299871663
        },
        "Pressure9am": {
            "rmse": 5.543506029423869,
            "mae": 4.312272584706853,
            "r2": 0.4567053970374155
        },
        "Pressure3pm": {
            "rmse": 5.511470943465683,
            "mae": 4.334756333432474,
            "r2": 0.4074429111949129
        },
        "Temp9am": {
            "rmse": 3.0606563393178288,
            "mae": 2.4479805602354587,
            "r2": 0.7320432555497892
        },
        "Temp3pm": {
            "rmse": 3.720555225935352,
            "mae": 2.87336179854412,
            "r2": 0.6998659807709072
        }
    },
    "best_parameters": {
        "n_estimators": 100,
        "min_samples_split": 5,
        "min_samples_leaf": 2,
        "max_depth": 10
    },
    "n_samples": 2085,
    "feature_importance": {
        "MinTemp": 0.05993024204449875,
        "MaxTemp": 0.2959673985662497,
        "Rainfall": 0.02040542672034229,
        "WindGustSpeed": 0.05588500819404757,
        "WindSpeed9am": 0.02863099134696905,
        "WindSpeed3pm": 0.03579821704657253,
        "Humidity9am": 0.07733639506176687,
        "Humidity3pm": 0.13500986963764589,
        "Pressure9am": 0.042383378975399365,
        "Pressure3pm": 0.14337709740688873,
        "Temp9am": 0.059714919496036356,
        "Temp3pm": 0.0455610555035831
    },
    "training_date": "2025-04-23 18:48:11",
    "model_path": "./models/multivariate_Tuggeranong.joblib"
}