{
    "location": "Uluru",
    "metrics": {
        "MinTemp": {
            "rmse": 3.1452521015099677,
            "mae": 2.5163504192266575,
            "r2": 0.828098644879319
        },
        "MaxTemp": {
            "rmse": 3.764539848949615,
            "mae": 2.948481480893752,
            "r2": 0.7612303445728021
        },
        "Rainfall": {
            "rmse": 3.506671744098728,
            "mae": 0.9744669041121937,
            "r2": 0.05711880473274126
        },
        "WindGustSpeed": {
            "rmse": 9.700190159614797,
            "mae": 7.618324625458115,
            "r2": 0.178379036624433
        },
        "WindSpeed9am": {
            "rmse": 7.203085264125558,
            "mae": 5.800248855629792,
            "r2": 0.13372287088032628
        },
        "WindSpeed3pm": {
            "rmse": 7.060692813239108,
            "mae": 5.690543642954701,
            "r2": -0.08384086068574163
        },
        "Humidity9am": {
            "rmse": 14.477084113315476,
            "mae": 10.770593208176797,
            "r2": 0.5223019718290983
        },
        "Humidity3pm": {
            "rmse": 13.17587299435744,
            "mae": 8.399920786986412,
            "r2": 0.3149794415684583
        },
        "Pressure9am": {
            "rmse": 3.870395999533322,
            "mae": 2.963499805701795,
            "r2": 0.6506882339110783
        },
        "Pressure3pm": {
            "rmse": 3.8937788028165983,
            "mae": 2.979965735470472,
            "r2": 0.6502312147160219
        },
        "Temp9am": {
            "rmse": 3.0868494235317523,
            "mae": 2.4649188893194407,
            "r2": 0.8459858418493456
        },
        "Temp3pm": {
            "rmse": 3.793882968736168,
            "mae": 2.993669095078515,
            "r2": 0.7403962886345371
        }
    },
    "best_parameters": {
        "n_estimators": 100,
        "min_samples_split": 2,
        "min_samples_leaf": 2,
        "max_depth": 10
    },
    "n_samples": 1026,
    "feature_importance": {
        "MinTemp": 0.050216993815403774,
        "MaxTemp": 0.1617859664483738,
        "Rainfall": 0.008785637246736352,
        "WindGustSpeed": 0.039037370217403944,
        "WindSpeed9am": 0.029435838603249664,
        "WindSpeed3pm": 0.034178783095974816,
        "Humidity9am": 0.13255852829226322,
        "Humidity3pm": 0.18663837523433635,
        "Pressure9am": 0.04630628011101903,
        "Pressure3pm": 0.05757681959486251,
        "Temp9am": 0.10365737601635902,
        "Temp3pm": 0.1498220313240175
    },
    "training_date": "2025-04-23 19:06:54",
    "model_path": "./models/multivariate_Uluru.joblib"
}