{
    "location": "WaggaWagga",
    "metrics": {
        "MinTemp": {
            "rmse": 3.6250841243519516,
            "mae": 2.9747951860646347,
            "r2": 0.6813973775581589
        },
        "MaxTemp": {
            "rmse": 3.340708626847612,
            "mae": 2.6209820933077315,
            "r2": 0.8068830417228062
        },
        "Rainfall": {
            "rmse": 5.19071536172206,
            "mae": 2.539556632920615,
            "r2": 0.12271606970667066
        },
        "Evaporation": {
            "rmse": 2.3197571496139555,
            "mae": 1.4219153709118721,
            "r2": 0.694525621378546
        },
        "Sunshine": {
            "rmse": 3.4473629669396644,
            "mae": 2.8347377465450445,
            "r2": 0.050371805962746784
        },
        "WindGustSpeed": {
            "rmse": 11.534162507133638,
            "mae": 8.984930359541602,
            "r2": 0.24079479814051621
        },
        "WindSpeed9am": {
            "rmse": 6.705636410206444,
            "mae": 5.148850346338757,
            "r2": 0.08595845302716565
        },
        "WindSpeed3pm": {
            "rmse": 7.76325828257647,
            "mae": 6.0853174834171995,
            "r2": 0.07877538902167558
        },
        "Humidity9am": {
            "rmse": 11.442863487392737,
            "mae": 8.93162555913112,
            "r2": 0.5821933337047798
        },
        "Humidity3pm": {
            "rmse": 15.453085253158406,
            "mae": 11.312754977894999,
            "r2": 0.4164862936460125
        },
        "Pressure9am": {
            "rmse": 5.31676150774027,
            "mae": 4.182501714674173,
            "r2": 0.46001386997460764
        },
        "Pressure3pm": {
            "rmse": 5.361418883803644,
            "mae": 4.228140108962699,
            "r2": 0.4198021402222354
        },
        "Cloud9am": {
            "rmse": 2.8230332358161974,
            "mae": 2.543393398466742,
            "r2": 0.04967184805914667
        },
        "Cloud3pm": {
            "rmse": 2.545622829841621,
            "mae": 2.2942183669348712,
            "r2": 0.02156455614345983
        },
        "Temp9am": {
            "rmse": 3.0021680818143466,
            "mae": 2.387235447691142,
            "r2": 0.7864807737812402
        },
        "Temp3pm": {
            "rmse": 3.5652094031154777,
            "mae": 2.757850646925412,
            "r2": 0.765676124372434
        }
    },
    "best_parameters": {
        "n_estimators": 100,
        "min_samples_split": 2,
        "min_samples_leaf": 2,
        "max_depth": 10
    },
    "n_samples": 2054,
    "feature_importance": {
        "MinTemp": 0.031270407013463286,
        "MaxTemp": 0.3584234188649833,
        "Rainfall": 0.011003745600516809,
        "Evaporation": 0.09698267372872124,
        "Sunshine": 0.03746822981916226,
        "WindGustSpeed": 0.027921542171465703,
        "WindSpeed9am": 0.025078905695759303,
        "WindSpeed3pm": 0.021827962937825282,
        "Humidity9am": 0.03327114143832215,
        "Humidity3pm": 0.15535706813028446,
        "Pressure9am": 0.02756389888934837,
        "Pressure3pm": 0.0730172264761302,
        "Cloud9am": 0.012991195993746867,
        "Cloud3pm": 0.014962735359285616,
        "Temp9am": 0.03360370713007228,
        "Temp3pm": 0.03925614075091299
    },
    "training_date": "2025-04-23 18:35:46",
    "model_path": "./models/multivariate_WaggaWagga.joblib"
}