{
    "location": "Walpole",
    "metrics": {
        "MinTemp": {
            "rmse": 2.220933356770814,
            "mae": 1.7880765298102064,
            "r2": 0.5026232467655939
        },
        "MaxTemp": {
            "rmse": 2.994381120318353,
            "mae": 2.257551590835044,
            "r2": 0.5359112005872538
        },
        "Rainfall": {
            "rmse": 5.9060265304488455,
            "mae": 3.0868655326251297,
            "r2": 0.18696587445096524
        },
        "WindGustSpeed": {
            "rmse": 11.387021582150467,
            "mae": 8.872504317430739,
            "r2": 0.16918723447886977
        },
        "WindSpeed9am": {
            "rmse": 7.0210833188473325,
            "mae": 5.58081341348452,
            "r2": 0.07494008105677064
        },
        "WindSpeed3pm": {
            "rmse": 6.3761806423271,
            "mae": 5.016738169636536,
            "r2": 0.0996840516583803
        },
        "Humidity9am": {
            "rmse": 13.00753211599003,
            "mae": 10.577450000028142,
            "r2": 0.1979246075773812
        },
        "Humidity3pm": {
            "rmse": 12.474827469413214,
            "mae": 9.615426412630107,
            "r2": 0.10778126184054253
        },
        "Pressure9am": {
            "rmse": 5.527413877135757,
            "mae": 4.215430474094887,
            "r2": 0.37883818353878107
        },
        "Pressure3pm": {
            "rmse": 5.8479538012707275,
            "mae": 4.565573717333444,
            "r2": 0.2614950848660433
        },
        "Temp9am": {
            "rmse": 2.2957713613045017,
            "mae": 1.7326267169685112,
            "r2": 0.6377515648066329
        },
        "Temp3pm": {
            "rmse": 2.9518851272467366,
            "mae": 2.268328248463362,
            "r2": 0.4968355516758402
        }
    },
    "best_parameters": {
        "n_estimators": 100,
        "min_samples_split": 5,
        "min_samples_leaf": 2,
        "max_depth": 20
    },
    "n_samples": 1975,
    "feature_importance": {
        "MinTemp": 0.07034151686769251,
        "MaxTemp": 0.0954081041619877,
        "Rainfall": 0.03706310671489094,
        "WindGustSpeed": 0.0597682963762569,
        "WindSpeed9am": 0.05213746603534333,
        "WindSpeed3pm": 0.05643998943084245,
        "Humidity9am": 0.10851329986838956,
        "Humidity3pm": 0.08076953349892117,
        "Pressure9am": 0.06771350578602807,
        "Pressure3pm": 0.17953981855902346,
        "Temp9am": 0.1269914288357986,
        "Temp3pm": 0.06531393386482548
    },
    "training_date": "2025-04-23 19:04:04",
    "model_path": "./models/multivariate_Walpole.joblib"
}