{
    "location": "Watsonia",
    "metrics": {
        "MinTemp": {
            "rmse": 3.05971048359954,
            "mae": 2.455316523913224,
            "r2": 0.526625807143115
        },
        "MaxTemp": {
            "rmse": 4.010759863163687,
            "mae": 3.0268167649627635,
            "r2": 0.635132820992918
        },
        "Rainfall": {
            "rmse": 4.917468843892235,
            "mae": 2.414642889128485,
            "r2": -0.00041384550374049905
        },
        "Evaporation": {
            "rmse": 2.1582649670279825,
            "mae": 1.468286576235486,
            "r2": 0.5825998349510441
        },
        "Sunshine": {
            "rmse": 3.5075335795765725,
            "mae": 2.9821230229798084,
            "r2": 0.1772211456897422
        },
        "WindGustSpeed": {
            "rmse": 12.580917793323758,
            "mae": 10.037124590309002,
            "r2": 0.12796005929704654
        },
        "WindSpeed9am": {
            "rmse": 5.891415608877611,
            "mae": 4.655578444376285,
            "r2": 0.11359731883192443
        },
        "WindSpeed3pm": {
            "rmse": 6.312586865109151,
            "mae": 5.0543044788752125,
            "r2": 0.07436157366533543
        },
        "Humidity9am": {
            "rmse": 15.764485255279842,
            "mae": 12.825959464863018,
            "r2": 0.23136517110319818
        },
        "Humidity3pm": {
            "rmse": 15.734857871375269,
            "mae": 12.134672336782314,
            "r2": 0.279236255219743
        },
        "Pressure9am": {
            "rmse": 6.030758369807298,
            "mae": 4.658100918092967,
            "r2": 0.38244243032977865
        },
        "Pressure3pm": {
            "rmse": 6.294474340389155,
            "mae": 4.92444281795477,
            "r2": 0.3030090684388315
        },
        "Cloud9am": {
            "rmse": 2.474034373196701,
            "mae": 2.1555693282672492,
            "r2": 0.022427886327764972
        },
        "Cloud3pm": {
            "rmse": 2.2901558800213673,
            "mae": 1.932624336734978,
            "r2": 0.05859527092608622
        },
        "Temp9am": {
            "rmse": 3.3062749806792238,
            "mae": 2.5049279137254143,
            "r2": 0.5811398126083062
        },
        "Temp3pm": {
            "rmse": 4.072858584162237,
            "mae": 3.094040592341875,
            "r2": 0.6039867590971487
        }
    },
    "best_parameters": {
        "n_estimators": 100,
        "min_samples_split": 5,
        "min_samples_leaf": 1,
        "max_depth": 10
    },
    "n_samples": 2099,
    "feature_importance": {
        "MinTemp": 0.04532593322661503,
        "MaxTemp": 0.25229549905621623,
        "Rainfall": 0.021075136387583925,
        "Evaporation": 0.056604946712492096,
        "Sunshine": 0.09338114223473135,
        "WindGustSpeed": 0.04788572323851334,
        "WindSpeed9am": 0.028750457011766605,
        "WindSpeed3pm": 0.033533767337294185,
        "Humidity9am": 0.04881827377795794,
        "Humidity3pm": 0.07461544133838097,
        "Pressure9am": 0.044648040995114734,
        "Pressure3pm": 0.12229534734456018,
        "Cloud9am": 0.01711751722158706,
        "Cloud3pm": 0.015318973770510707,
        "Temp9am": 0.05033288087587652,
        "Temp3pm": 0.04800091947079924
    },
    "training_date": "2025-04-23 18:53:20",
    "model_path": "./models/multivariate_Watsonia.joblib"
}