{
    "location": "Williamtown",
    "metrics": {
        "MinTemp": {
            "rmse": 2.8265784517464354,
            "mae": 2.275081200108285,
            "r2": 0.6883757238162801
        },
        "MaxTemp": {
            "rmse": 3.734808641297675,
            "mae": 2.843208045875018,
            "r2": 0.5147253958155882
        },
        "Rainfall": {
            "rmse": 10.71546665404236,
            "mae": 5.208736550522082,
            "r2": 0.007697200230996219
        },
        "Evaporation": {
            "rmse": 11.731106711453739,
            "mae": 7.57207462696586,
            "r2": -0.15397991008659054
        },
        "WindGustSpeed": {
            "rmse": 12.5364310278437,
            "mae": 9.591007527509685,
            "r2": 0.11874269818472445
        },
        "WindSpeed9am": {
            "rmse": 8.065523326279896,
            "mae": 6.109873829740299,
            "r2": 0.10311306203807676
        },
        "WindSpeed3pm": {
            "rmse": 8.414514191648765,
            "mae": 6.4360660401085825,
            "r2": 0.09502749246440179
        },
        "Humidity9am": {
            "rmse": 13.836754964101287,
            "mae": 11.119975042177288,
            "r2": 0.23404469056218194
        },
        "Humidity3pm": {
            "rmse": 16.99802035696707,
            "mae": 13.40572275693407,
            "r2": 0.10970624976933015
        },
        "Pressure9am": {
            "rmse": 5.354600869232445,
            "mae": 4.163786501734941,
            "r2": 0.3515043297193596
        },
        "Pressure3pm": {
            "rmse": 5.682410870673344,
            "mae": 4.491662558553109,
            "r2": 0.26481092181912697
        },
        "Cloud9am": {
            "rmse": 2.616302131910992,
            "mae": 2.314776086745803,
            "r2": -0.0070103517752308315
        },
        "Cloud3pm": {
            "rmse": 2.558982461920269,
            "mae": 2.274555524611207,
            "r2": 0.022671302063895005
        },
        "Temp9am": {
            "rmse": 2.585122085811712,
            "mae": 2.019576392927467,
            "r2": 0.7077759381648948
        },
        "Temp3pm": {
            "rmse": 3.789662629217816,
            "mae": 2.8626295342098147,
            "r2": 0.469348486928403
        }
    },
    "best_parameters": {
        "n_estimators": 100,
        "min_samples_split": 5,
        "min_samples_leaf": 2,
        "max_depth": 20
    },
    "n_samples": 1802,
    "feature_importance": {
        "MinTemp": 0.0776791687920819,
        "MaxTemp": 0.060068029536502754,
        "Rainfall": 0.03392700081991069,
        "Evaporation": 0.15356742294111764,
        "WindGustSpeed": 0.05710666712620667,
        "WindSpeed9am": 0.033524553585271816,
        "WindSpeed3pm": 0.038851727314453244,
        "Humidity9am": 0.07390812841724036,
        "Humidity3pm": 0.1056912685970355,
        "Pressure9am": 0.045264417336359726,
        "Pressure3pm": 0.1072728599213817,
        "Cloud9am": 0.029187995336876972,
        "Cloud3pm": 0.031357240704679906,
        "Temp9am": 0.10515021076611211,
        "Temp3pm": 0.04744330880476904
    },
    "training_date": "2025-04-23 18:41:36",
    "model_path": "./models/multivariate_Williamtown.joblib"
}