{
    "location": "Witchcliffe",
    "metrics": {
        "MinTemp": {
            "rmse": 2.850562914232382,
            "mae": 2.3191182930364196,
            "r2": 0.43898112797531463
        },
        "MaxTemp": {
            "rmse": 3.120487925280951,
            "mae": 2.3767930202172622,
            "r2": 0.6300880208301312
        },
        "Rainfall": {
            "rmse": 6.817711712532085,
            "mae": 3.2200487015340244,
            "r2": 0.17626299055535558
        },
        "WindGustSpeed": {
            "rmse": 11.056322116811883,
            "mae": 8.743767448640002,
            "r2": 0.1735198458315772
        },
        "WindSpeed9am": {
            "rmse": 6.971255190794417,
            "mae": 5.6031902158687865,
            "r2": 0.1681199156744088
        },
        "WindSpeed3pm": {
            "rmse": 6.1914948809533685,
            "mae": 4.859173604182655,
            "r2": 0.1644079453850552
        },
        "Humidity9am": {
            "rmse": 16.77280156848315,
            "mae": 13.14170254605255,
            "r2": 0.2711526156577256
        },
        "Humidity3pm": {
            "rmse": 14.586732591074968,
            "mae": 10.868473478599844,
            "r2": 0.21564393132790882
        },
        "Pressure9am": {
            "rmse": 5.1353041391374,
            "mae": 4.017204183616321,
            "r2": 0.3414973567952388
        },
        "Pressure3pm": {
            "rmse": 5.151868738877952,
            "mae": 4.055306289079245,
            "r2": 0.2650513776927434
        },
        "Temp9am": {
            "rmse": 2.577977070365755,
            "mae": 1.9438973609560695,
            "r2": 0.6283600635165301
        },
        "Temp3pm": {
            "rmse": 3.060076861666193,
            "mae": 2.350630829819235,
            "r2": 0.6033753242621614
        }
    },
    "best_parameters": {
        "n_estimators": 100,
        "min_samples_split": 2,
        "min_samples_leaf": 2,
        "max_depth": 20
    },
    "n_samples": 2046,
    "feature_importance": {
        "MinTemp": 0.04642778583578872,
        "MaxTemp": 0.09720709642318151,
        "Rainfall": 0.028515314870277482,
        "WindGustSpeed": 0.04110114770553902,
        "WindSpeed9am": 0.03467167290472345,
        "WindSpeed3pm": 0.04521621583402489,
        "Humidity9am": 0.33745735283745437,
        "Humidity3pm": 0.08566427845026287,
        "Pressure9am": 0.04940151329556964,
        "Pressure3pm": 0.10016170286169745,
        "Temp9am": 0.08725224547187403,
        "Temp3pm": 0.046923673509606655
    },
    "training_date": "2025-04-23 19:00:53",
    "model_path": "./models/multivariate_Witchcliffe.joblib"
}