{
    "location": "Wollongong",
    "metrics": {
        "MinTemp": {
            "rmse": 2.079447358854505,
            "mae": 1.635882605821019,
            "r2": 0.6842812200746172
        },
        "MaxTemp": {
            "rmse": 3.0871007716302636,
            "mae": 2.226665276370211,
            "r2": 0.40861661775126407
        },
        "Rainfall": {
            "rmse": 11.313207172128822,
            "mae": 4.74422476891941,
            "r2": 0.17286444158161826
        },
        "WindGustSpeed": {
            "rmse": 15.126565823830605,
            "mae": 11.978648528384342,
            "r2": 0.12403602902804489
        },
        "WindSpeed9am": {
            "rmse": 9.632045547950343,
            "mae": 7.535965421659196,
            "r2": 0.03695241431117402
        },
        "WindSpeed3pm": {
            "rmse": 10.502157056717335,
            "mae": 8.440333330012619,
            "r2": 0.015522425386024108
        },
        "Humidity9am": {
            "rmse": 13.019845906528147,
            "mae": 9.963039226307945,
            "r2": 0.30487531906462073
        },
        "Humidity3pm": {
            "rmse": 14.59583566967144,
            "mae": 11.046525364118914,
            "r2": 0.24555930934085335
        },
        "Pressure9am": {
            "rmse": 5.649593226204625,
            "mae": 4.408459609956349,
            "r2": 0.38247736173265223
        },
        "Pressure3pm": {
            "rmse": 6.040312475482115,
            "mae": 4.794917548470102,
            "r2": 0.287840197978712
        },
        "Temp9am": {
            "rmse": 2.4461912611791243,
            "mae": 1.8386394519038045,
            "r2": 0.5499711406949049
        },
        "Temp3pm": {
            "rmse": 2.7616677715616866,
            "mae": 2.0337991488212084,
            "r2": 0.43270851172962316
        }
    },
    "best_parameters": {
        "n_estimators": 100,
        "min_samples_split": 2,
        "min_samples_leaf": 1,
        "max_depth": 10
    },
    "n_samples": 2076,
    "feature_importance": {
        "MinTemp": 0.10820514177174621,
        "MaxTemp": 0.05885500565333565,
        "Rainfall": 0.021453549029697684,
        "WindGustSpeed": 0.07173900636710286,
        "WindSpeed9am": 0.04758555677359069,
        "WindSpeed3pm": 0.053016646234651764,
        "Humidity9am": 0.10191873001368312,
        "Humidity3pm": 0.19914691655082611,
        "Pressure9am": 0.06076007862351382,
        "Pressure3pm": 0.163797083702609,
        "Temp9am": 0.06233854941436979,
        "Temp3pm": 0.05118373586487337
    },
    "training_date": "2025-04-23 18:42:09",
    "model_path": "./models/multivariate_Wollongong.joblib"
}