{
    "location": "Woomera",
    "metrics": {
        "MinTemp": {
            "rmse": 2.987645378093234,
            "mae": 2.336158358301089,
            "r2": 0.7662072214939784
        },
        "MaxTemp": {
            "rmse": 3.9495670167610624,
            "mae": 3.0731076559400723,
            "r2": 0.7481965571138925
        },
        "Rainfall": {
            "rmse": 3.0870427435989067,
            "mae": 0.9486791692463106,
            "r2": 0.06750215625074289
        },
        "Evaporation": {
            "rmse": 6.967535374895405,
            "mae": 3.9539263729555514,
            "r2": 0.42832931337710195
        },
        "WindGustSpeed": {
            "rmse": 11.66787156084952,
            "mae": 8.727236981442742,
            "r2": 0.24876564464645137
        },
        "WindSpeed9am": {
            "rmse": 7.928647864327172,
            "mae": 6.220218002491578,
            "r2": 0.1678825945101554
        },
        "WindSpeed3pm": {
            "rmse": 9.002430344848905,
            "mae": 7.009772510297314,
            "r2": 0.08373216648099324
        },
        "Humidity9am": {
            "rmse": 16.270942556059246,
            "mae": 12.968737590594664,
            "r2": 0.47933681734064243
        },
        "Humidity3pm": {
            "rmse": 13.787108655479628,
            "mae": 9.600704399380726,
            "r2": 0.3789545485011419
        },
        "Pressure9am": {
            "rmse": 4.492277280783514,
            "mae": 3.4422379314293305,
            "r2": 0.5516098538284268
        },
        "Pressure3pm": {
            "rmse": 4.689930101494302,
            "mae": 3.623493773576286,
            "r2": 0.488744587100681
        },
        "Cloud9am": {
            "rmse": 2.6968459845811115,
            "mae": 2.356034714535689,
            "r2": 0.04101757386136876
        },
        "Cloud3pm": {
            "rmse": 2.589967936615929,
            "mae": 2.2743793769571767,
            "r2": 0.02630369112693735
        },
        "Temp9am": {
            "rmse": 3.3372316152119823,
            "mae": 2.589091756689792,
            "r2": 0.7322615207385583
        },
        "Temp3pm": {
            "rmse": 3.94760242867129,
            "mae": 3.076102313499097,
            "r2": 0.7245457133867754
        }
    },
    "best_parameters": {
        "n_estimators": 100,
        "min_samples_split": 5,
        "min_samples_leaf": 2,
        "max_depth": 20
    },
    "n_samples": 2039,
    "feature_importance": {
        "MinTemp": 0.04583266612874326,
        "MaxTemp": 0.27635449662513506,
        "Rainfall": 0.005994887140369307,
        "Evaporation": 0.0762115551851503,
        "WindGustSpeed": 0.04123763145605968,
        "WindSpeed9am": 0.03476882336357425,
        "WindSpeed3pm": 0.041263625782929976,
        "Humidity9am": 0.04545002495608132,
        "Humidity3pm": 0.19634200892195677,
        "Pressure9am": 0.038611269500900665,
        "Pressure3pm": 0.08077597695380542,
        "Cloud9am": 0.0185960065042688,
        "Cloud3pm": 0.024051148461905366,
        "Temp9am": 0.03541823118407264,
        "Temp3pm": 0.0390916478350474
    },
    "training_date": "2025-04-23 18:59:34",
    "model_path": "./models/multivariate_Woomera.joblib"
}